,cust_id,account_active,trans_Category_large,trans_Category_medium,trans_Category_small,credit_balance,savings_balance,years_with_bank,acct_type_CC  ,acct_type_CK  ,acct_type_SV  
0,1362806,Y ,9.0,18.0,72.0,1541.64,284.58,3,0,0,1
1,1362709,Y ,0.0,7.0,92.0,496.15,917.33,4,1,0,0
2,1362836,Y ,0.0,5.0,94.0,1000.0,1009.19,6,1,0,0
3,1363311,Y ,11.0,26.0,62.0,2700.0,299.67,0,0,1,0
4,1363361,Y ,3.0,10.0,86.0,462.28,172.8,4,1,0,0
5,1363102,Y ,,,,1000.0,,3,1,0,0
6,1363327,Y ,2.0,4.0,93.0,3000.0,401.43,0,1,0,0
7,1362897,Y ,1.0,4.0,94.0,,,2,0,1,0
8,1363237,N ,18.0,19.0,62.0,0.0,756.74,5,1,0,0
9,1362720,Y ,1.0,4.0,94.0,1000.0,1497.85,4,0,1,0
10,1363243,Y ,2.0,7.0,90.0,110.03,760.1,5,1,0,0
11,1362945,Y ,4.0,3.0,92.0,505.56,1804.89,6,0,1,0
12,1362641,N ,1.0,2.0,49.0,172.99,141.92,7,0,0,1
13,1363377,Y ,2.0,2.0,95.0,844.08,1782.06,3,0,0,1
14,1362793,Y ,2.0,17.0,80.0,407.08,404.56,6,1,0,0
15,1362940,Y ,,,,41.22,778.84,2,0,0,1
16,1362782,Y ,3.0,15.0,81.0,1136.06,268.13,3,1,0,0
17,1363165,Y ,2.0,8.0,89.0,429.34,57.08,7,1,0,0
18,1362591,Y ,4.0,15.0,80.0,1548.57,,4,0,1,0
19,1363210,Y ,3.0,6.0,90.0,889.68,52.26,0,1,0,0
20,1362823,Y ,2.0,2.0,38.0,98.04,491.88,8,0,0,1
21,1363395,N ,2.0,6.0,91.0,730.0,136.18,8,1,0,0
22,1363147,Y ,3.0,3.0,93.0,202.99,1152.38,8,0,1,0
23,1362917,Y ,4.0,16.0,79.0,6800.0,,7,1,0,0
24,1362529,N ,6.0,7.0,86.0,433.43,873.14,3,0,1,0
25,1362701,Y ,1.0,4.0,34.0,0.0,1805.16,1,1,0,0
26,1362622,N ,8.0,25.0,66.0,406.96,13404.16,9,1,0,0
27,1363078,Y ,1.0,9.0,89.0,1147.07,596.38,6,0,0,1
28,1362613,Y ,,,,1000.0,338.98,7,0,0,1
29,1363316,Y ,3.0,7.0,89.0,1000.0,629.06,5,0,1,0
30,1363374,Y ,0.0,0.0,38.0,0.0,601.14,0,0,1,0
31,1362744,Y ,2.0,3.0,94.0,682.28,1797.22,9,1,0,0
32,1363134,Y ,0.0,0.0,22.0,,,6,0,1,0
33,1363185,N ,4.0,5.0,90.0,1000.0,,4,0,1,0
34,1363031,Y ,18.0,11.0,70.0,,,5,0,1,0
35,1363180,Y ,,,,,405.61,7,0,0,1
36,1362959,N ,23.0,12.0,64.0,20.0,,7,0,1,0
37,1363280,Y ,3.0,7.0,89.0,1000.0,1706.87,2,1,0,0
38,1362487,Y ,1.0,0.0,51.0,1548.23,12.89,1,1,0,0
39,1362708,Y ,1.0,1.0,97.0,1000.0,3821.12,4,0,1,0
40,1363205,N ,0.0,3.0,13.0,684.12,1240.58,2,0,0,1
41,1363339,Y ,,,,,522.48,6,0,0,1
42,1363471,Y ,1.0,9.0,89.0,3229.66,1777.03,0,0,1,0
43,1362830,Y ,2.0,5.0,92.0,88.21,35.68,3,0,1,0
44,1363036,Y ,4.0,9.0,86.0,1200.0,,0,0,1,0
45,1362587,Y ,2.0,8.0,89.0,859.44,1596.17,6,0,0,1
46,1363267,Y ,14.0,11.0,74.0,1271.39,1699.39,7,0,1,0
47,1362932,Y ,3.0,5.0,91.0,,523.84,3,0,1,0
48,1363307,Y ,4.0,7.0,88.0,1199.3,265.35,2,1,0,0
49,1362924,Y ,0.0,8.0,72.0,1000.0,5287.76,4,0,0,1
50,1362584,Y ,1.0,1.0,97.0,1000.0,1999.37,1,0,1,0
51,1362979,Y ,1.0,2.0,96.0,,,5,0,1,0
52,1362617,Y ,2.0,3.0,50.0,306.84,138.02,0,0,1,0
53,1363222,Y ,2.0,6.0,91.0,1000.0,,3,0,1,0
54,1362985,Y ,2.0,7.0,90.0,1000.0,1967.7,0,1,0,0
55,1362827,Y ,2.0,6.0,91.0,,306.35,4,0,1,0
56,1363008,N ,7.0,13.0,62.0,10.0,9341.84,7,1,0,0
57,1363331,Y ,9.0,19.0,71.0,2264.61,743.04,5,0,0,1
58,1362742,Y ,0.0,0.0,29.0,15.74,844.14,7,1,0,0
59,1362890,N ,,,,,104.78,6,0,0,1
60,1362825,N ,2.0,17.0,80.0,1000.0,50.77,3,0,1,0
61,1363354,Y ,1.0,8.0,90.0,3000.0,1116.71,6,0,1,0
62,1363286,N ,3.0,10.0,86.0,,1289.52,4,0,0,1
63,1363135,N ,,,,247.32,540.37,5,0,0,1
64,1363422,N ,,,,20.0,14.34,9,0,0,1
65,1363492,Y ,16.0,3.0,80.0,6869.0,1116.1,4,0,0,1
66,1363404,Y ,1.0,5.0,93.0,,550.73,2,0,0,1
67,1363070,Y ,0.0,1.0,18.0,774.22,844.28,1,0,0,1
68,1363313,Y ,3.0,2.0,94.0,11.12,,4,0,1,0
69,1363355,Y ,,,,291.58,2229.96,1,0,0,1
70,1362509,Y ,1.0,2.0,96.0,10.0,337.82,2,0,1,0
71,1362971,Y ,3.0,12.0,84.0,1600.0,,0,0,1,0
72,1363014,Y ,,,,,174.61,0,0,0,1
73,1363336,Y ,8.0,14.0,77.0,,126.05,2,0,0,1
74,1362602,Y ,1.0,8.0,90.0,1661.44,2735.3,4,1,0,0
75,1362700,Y ,2.0,1.0,24.0,107.4,315.88,5,0,1,0
76,1363352,Y ,5.0,4.0,90.0,906.54,2950.23,3,0,1,0
77,1363194,N ,,,,82.15,455.67,5,0,0,1
78,1362637,Y ,1.0,3.0,95.0,1200.0,44.79,5,0,0,1
79,1363294,Y ,,,,3157.9,763.8,3,1,0,0
80,1362643,N ,0.0,5.0,50.0,559.57,494.84,3,0,0,1
81,1363091,Y ,,,,,2338.68,0,0,0,1
82,1362512,Y ,3.0,9.0,87.0,1880.46,1194.36,2,0,1,0
83,1363268,Y ,1.0,8.0,90.0,1800.0,180.08,6,0,0,1
84,1362703,Y ,6.0,12.0,81.0,947.81,7144.39,4,1,0,0
85,1363485,Y ,,,,1000.0,157.76,8,1,0,0
86,1363159,Y ,1.0,3.0,64.0,10.0,,4,0,1,0
87,1362526,Y ,10.0,9.0,80.0,1982.36,1145.74,1,0,1,0
88,1362501,Y ,6.0,8.0,63.0,47.2,,8,0,1,0
89,1363145,Y ,0.0,5.0,94.0,,444.57,1,0,1,0
90,1363311,Y ,11.0,26.0,62.0,2700.0,299.67,0,1,0,0
91,1363140,Y ,1.0,4.0,56.0,1000.0,896.45,4,0,0,1
92,1362685,Y ,5.0,8.0,86.0,1208.1,1735.39,2,0,1,0
93,1362687,Y ,4.0,5.0,90.0,481.97,1111.42,7,0,1,0
94,1362720,Y ,1.0,4.0,94.0,1000.0,1497.85,4,1,0,0
95,1363216,Y ,2.0,8.0,89.0,1000.0,105.54,3,0,0,1
96,1362945,Y ,4.0,3.0,92.0,505.56,1804.89,6,1,0,0
97,1362947,Y ,,,,1000.0,,5,1,0,0
98,1363171,Y ,10.0,18.0,71.0,1800.0,,9,0,1,0
99,1363346,Y ,8.0,21.0,62.0,,332.08,5,0,1,0
100,1363241,Y ,2.0,9.0,88.0,1352.7,1649.8,6,0,0,1
101,1363117,Y ,2.0,6.0,51.0,1112.8,297.36,7,1,0,0
102,1363316,Y ,3.0,7.0,89.0,1000.0,629.06,5,1,0,0
103,1363456,Y ,2.0,2.0,57.0,,,2,0,1,0
104,1363185,Y ,4.0,5.0,90.0,1000.0,,4,1,0,0
105,1363447,Y ,3.0,7.0,89.0,1000.0,671.09,1,1,0,0
106,1362708,Y ,1.0,1.0,97.0,1000.0,3821.12,4,1,0,0
107,1362578,Y ,1.0,6.0,92.0,731.2,862.43,2,1,0,0
108,1363333,Y ,0.0,4.0,95.0,,1896.2,4,0,0,1
109,1363029,Y ,,,,,304.93,6,0,0,1
110,1362805,Y ,2.0,6.0,91.0,300.0,232.15,8,0,1,0
111,1362485,Y ,5.0,7.0,87.0,1100.0,,4,1,0,0
112,1362830,Y ,2.0,5.0,92.0,88.21,35.68,3,1,0,0
113,1363187,Y ,8.0,14.0,77.0,2300.0,335.7,7,1,0,0
114,1363222,Y ,2.0,6.0,91.0,1000.0,,3,1,0,0
115,1362904,Y ,1.0,8.0,90.0,679.69,201.9,9,0,0,1
116,1363213,Y ,,,,1046.11,289.72,0,0,0,1
117,1363265,Y ,5.0,12.0,82.0,133.12,900.52,1,0,1,0
118,1363272,Y ,3.0,4.0,92.0,1016.12,711.81,0,0,0,1
119,1363179,Y ,1.0,4.0,94.0,,,2,0,1,0
120,1362868,Y ,7.0,3.0,89.0,1000.0,,3,0,1,0
121,1362562,Y ,20.0,15.0,64.0,9500.0,3864.77,6,1,0,0
122,1363337,Y ,25.0,12.0,62.0,,7766.05,3,0,1,0
123,1363254,N ,3.0,5.0,85.0,31.04,2019.49,4,0,0,1
124,1363453,Y ,0.0,0.0,16.0,,,2,0,1,0
125,1362593,Y ,3.0,10.0,86.0,689.96,,0,0,1,0
126,1363252,Y ,1.0,7.0,91.0,1000.0,181.99,1,0,0,1
127,1363318,Y ,3.0,7.0,89.0,,,1,0,1,0
128,1363354,Y ,1.0,8.0,90.0,3000.0,1116.71,6,1,0,0
129,1362736,Y ,0.0,1.0,50.0,328.79,2180.1,2,0,1,0
130,1363338,Y ,,,,,675.18,5,0,0,1
131,1362791,Y ,1.0,12.0,86.0,157.42,492.11,1,0,0,1
132,1363459,Y ,,,,3000.0,,0,1,0,0
133,1363057,Y ,,,,938.43,1385.03,4,1,0,0
134,1362857,Y ,1.0,2.0,96.0,357.0,196.62,4,0,0,1
135,1362591,Y ,4.0,15.0,80.0,1548.57,,4,1,0,0
136,1363283,Y ,1.0,7.0,91.0,1100.0,2.74,0,0,0,1
137,1362598,N ,6.0,30.0,38.0,20.0,,7,0,1,0
138,1363038,Y ,0.0,10.0,89.0,1800.0,508.26,0,0,1,0
139,1363147,Y ,3.0,3.0,93.0,202.99,1152.38,8,1,0,0
140,1363075,Y ,,,,397.19,,6,1,0,0
141,1362964,Y ,4.0,5.0,90.0,1000.0,119.39,9,0,1,0
142,1362645,Y ,9.0,12.0,78.0,20.0,,1,0,1,0
143,1362902,Y ,3.0,8.0,88.0,346.97,1554.71,5,0,0,1
144,1362971,Y ,3.0,12.0,84.0,1600.0,,0,1,0,0
145,1362796,Y ,0.0,0.0,12.0,,1087.47,9,0,0,1
146,1362571,Y ,0.0,6.0,83.0,959.28,1741.09,4,0,0,1
147,1362811,Y ,3.0,7.0,89.0,1000.0,,2,0,1,0
148,1363006,Y ,4.0,5.0,90.0,1628.72,245.66,1,0,0,1
149,1362729,Y ,,,,,122.21,5,0,0,1
150,1362700,Y ,2.0,1.0,24.0,107.4,315.88,5,1,0,0
151,1362973,Y ,2.0,9.0,88.0,734.81,2570.3,0,0,1,0
152,1363217,N ,3.0,8.0,88.0,944.16,,1,0,1,0
153,1363012,Y ,19.0,12.0,68.0,,481.77,2,0,0,1
154,1362978,Y ,9.0,24.0,66.0,2103.69,28.91,1,0,1,0
155,1362529,N ,6.0,7.0,86.0,433.43,873.14,3,1,0,0
156,1363097,Y ,1.0,6.0,92.0,1100.0,10.28,4,0,1,0
157,1363465,Y ,3.0,3.0,57.0,,590.92,1,0,0,1
158,1362526,Y ,10.0,9.0,80.0,1982.36,1145.74,1,1,0,0
159,1363374,Y ,0.0,0.0,38.0,0.0,601.14,0,1,0,0
160,1362687,Y ,4.0,5.0,90.0,481.97,1111.42,7,1,0,0
161,1363204,Y ,,,,1200.0,,1,1,0,0
162,1362777,Y ,,,,1868.87,29.46,0,1,0,0
163,1362877,Y ,2.0,3.0,94.0,80.0,629.45,2,0,0,1
164,1362632,Y ,13.0,15.0,71.0,,,5,0,1,0
165,1363093,N ,4.0,8.0,87.0,1000.0,86.31,9,0,0,1
166,1362962,Y ,0.0,3.0,96.0,609.74,,3,0,1,0
167,1362959,N ,23.0,12.0,64.0,20.0,,7,1,0,0
168,1362836,N ,0.0,5.0,94.0,1000.0,1009.19,6,0,0,1
169,1362881,N ,1.0,2.0,96.0,440.26,61.5,5,0,1,0
170,1362503,Y ,1.0,5.0,93.0,,,3,0,1,0
171,1362895,Y ,,,,1300.0,96.25,6,1,0,0
172,1362999,Y ,4.0,11.0,84.0,988.54,,6,0,1,0
173,1362816,Y ,0.0,8.0,91.0,3000.0,,4,0,1,0
174,1363361,N ,3.0,10.0,86.0,462.28,172.8,4,0,0,1
175,1362721,Y ,,,,1000.0,48.22,3,0,0,1
176,1363327,Y ,2.0,4.0,93.0,3000.0,401.43,0,0,0,1
177,1362542,Y ,1.0,8.0,44.0,20.0,1654.74,6,0,1,0
178,1362970,Y ,0.0,5.0,44.0,,278.07,1,0,1,0
179,1362640,Y ,,,,751.28,1698.93,1,0,0,1
180,1363237,Y ,18.0,19.0,62.0,0.0,756.74,5,0,0,1
181,1363471,Y ,1.0,9.0,89.0,3229.66,1777.03,0,1,0,0
182,1363243,N ,2.0,7.0,90.0,110.03,760.1,5,0,0,1
183,1362839,Y ,14.0,15.0,70.0,3783.62,3420.03,3,0,0,1
184,1363265,Y ,5.0,12.0,82.0,133.12,900.52,1,1,0,0
185,1363036,Y ,4.0,9.0,86.0,1200.0,,0,1,0,0
186,1362950,Y ,0.0,0.0,1.0,162.95,1545.22,0,0,1,0
187,1363167,Y ,10.0,19.0,70.0,,1296.4,8,0,0,1
188,1363090,Y ,0.0,0.0,39.0,,158.73,1,0,0,1
189,1363267,Y ,14.0,11.0,74.0,1271.39,1699.39,7,1,0,0
190,1362793,Y ,2.0,17.0,80.0,407.08,404.56,6,0,0,1
191,1362584,Y ,1.0,1.0,97.0,1000.0,1999.37,1,1,0,0
192,1363366,Y ,,,,,7471.81,0,0,0,1
193,1362528,Y ,2.0,8.0,89.0,540.09,269.93,9,0,1,0
194,1362991,Y ,2.0,5.0,92.0,1343.81,369.81,9,0,1,0
195,1362617,Y ,2.0,3.0,50.0,306.84,138.02,0,1,0,0
196,1362782,Y ,3.0,15.0,81.0,1136.06,268.13,3,0,0,1
197,1362590,Y ,0.0,2.0,68.0,,558.44,2,0,1,0
198,1362593,Y ,3.0,10.0,86.0,689.96,,0,1,0,0
199,1363348,N ,5.0,13.0,81.0,1800.0,1628.76,5,0,1,0
200,1362736,Y ,0.0,1.0,50.0,328.79,2180.1,2,1,0,0
201,1363458,Y ,2.0,8.0,89.0,596.63,160.66,3,0,1,0
202,1363178,Y ,2.0,10.0,87.0,,,4,0,1,0
203,1363288,Y ,7.0,9.0,83.0,1980.9,244.85,5,0,0,1
204,1362929,Y ,15.0,8.0,76.0,4200.0,1535.83,8,0,1,0
205,1362556,Y ,,,,20.0,439.42,6,0,0,1
206,1363158,Y ,1.0,0.0,44.0,121.67,1917.72,8,0,1,0
207,1362849,Y ,2.0,5.0,92.0,515.69,,4,0,1,0
208,1362622,Y ,8.0,25.0,66.0,406.96,13404.16,9,0,0,1
209,1362624,Y ,,,,1400.0,1028.01,7,0,0,1
210,1362598,N ,6.0,30.0,38.0,20.0,,7,1,0,0
211,1362825,Y ,2.0,17.0,80.0,1000.0,50.77,3,1,0,0
212,1362487,N ,1.0,0.0,51.0,1548.23,12.89,1,0,0,1
213,1362875,Y ,1.0,7.0,91.0,3000.0,449.66,8,0,0,1
214,1362964,Y ,4.0,5.0,90.0,1000.0,119.39,9,1,0,0
215,1363335,Y ,1.0,8.0,90.0,806.94,,2,0,1,0
216,1362921,Y ,0.0,3.0,66.0,81.68,,5,0,1,0
217,1363462,Y ,0.0,0.0,24.0,3000.0,2034.99,4,0,1,0
218,1362811,Y ,3.0,7.0,89.0,1000.0,,2,1,0,0
219,1362855,Y ,1.0,8.0,90.0,,161.04,4,0,0,1
220,1362973,Y ,2.0,9.0,88.0,734.81,2570.3,0,1,0,0
221,1362709,Y ,0.0,7.0,92.0,496.15,917.33,4,0,0,1
222,1363392,Y ,4.0,7.0,88.0,1000.0,241.59,2,0,1,0
223,1363313,Y ,3.0,2.0,94.0,11.12,,4,1,0,0
224,1362573,Y ,19.0,15.0,65.0,,10399.11,6,0,0,1
225,1363164,Y ,1.0,6.0,92.0,1200.0,258.05,7,0,1,0
226,1362730,N ,0.0,6.0,93.0,3000.0,,7,0,1,0
227,1362509,N ,1.0,2.0,96.0,10.0,337.82,2,1,0,0
228,1363307,N ,4.0,7.0,88.0,1199.3,265.35,2,0,0,1
229,1363173,Y ,2.0,3.0,94.0,1400.0,382.8,8,0,1,0
230,1362881,Y ,1.0,2.0,96.0,440.26,61.5,5,1,0,0
231,1363352,Y ,5.0,4.0,90.0,906.54,2950.23,3,1,0,0
232,1363199,N ,2.0,2.0,37.0,127.09,251.39,1,0,1,0
233,1362520,Y ,8.0,15.0,76.0,20.0,,2,0,1,0
234,1362985,Y ,2.0,7.0,90.0,1000.0,1967.7,0,0,0,1
235,1363215,Y ,2.0,5.0,19.0,2089.45,2689.95,7,0,1,0
236,1362761,Y ,1.0,1.0,64.0,0.0,490.67,2,0,1,0
237,1363165,Y ,2.0,8.0,89.0,429.34,57.08,7,0,0,1
238,1362926,Y ,1.0,10.0,88.0,1000.0,1230.28,5,0,1,0
239,1363210,Y ,3.0,6.0,90.0,889.68,52.26,0,0,0,1
240,1362816,Y ,0.0,8.0,91.0,3000.0,,4,1,0,0
241,1363383,Y ,,,,0.0,,4,1,0,0
242,1363008,Y ,7.0,13.0,62.0,10.0,9341.84,7,0,0,1
243,1363470,Y ,2.0,8.0,89.0,5000.0,,8,0,1,0
244,1362742,Y ,0.0,0.0,29.0,15.74,844.14,7,0,0,1
245,1363395,Y ,2.0,6.0,91.0,730.0,136.18,8,0,0,1
246,1363170,Y ,2.0,3.0,94.0,904.09,,2,0,1,0
247,1362512,Y ,3.0,9.0,87.0,1880.46,1194.36,2,1,0,0
248,1362727,Y ,15.0,9.0,75.0,0.0,9132.52,1,0,1,0
249,1363095,Y ,2.0,6.0,74.0,,868.08,0,0,1,0
250,1362542,N ,1.0,8.0,44.0,20.0,1654.74,6,1,0,0
251,1362701,Y ,1.0,4.0,34.0,0.0,1805.16,1,0,0,1
252,1362484,Y ,2.0,3.0,94.0,369.72,2122.17,2,0,1,0
253,1363159,N ,1.0,3.0,64.0,10.0,,4,1,0,0
254,1363191,N ,0.0,5.0,68.0,,,6,0,1,0
255,1363450,Y ,6.0,7.0,86.0,,1018.62,8,0,1,0
256,1362528,Y ,2.0,8.0,89.0,540.09,269.93,9,1,0,0
257,1362744,Y ,2.0,3.0,94.0,682.28,1797.22,9,0,0,1
258,1362557,Y ,2.0,6.0,91.0,1000.0,68.86,0,0,1,0
259,1362501,Y ,6.0,8.0,63.0,47.2,,8,1,0,0
260,1363348,Y ,5.0,13.0,81.0,1800.0,1628.76,5,1,0,0
261,1363066,N ,0.0,1.0,69.0,,,1,0,1,0
262,1363287,Y ,,,,991.56,,9,1,0,0
263,1363280,Y ,3.0,7.0,89.0,1000.0,1706.87,2,0,0,1
264,1363458,Y ,2.0,8.0,89.0,596.63,160.66,3,1,0,0
265,1362685,Y ,5.0,8.0,86.0,1208.1,1735.39,2,1,0,0
266,1363196,Y ,1.0,11.0,87.0,1800.0,,2,0,1,0
267,1362775,Y ,,,,629.25,,9,1,0,0
268,1362837,Y ,1.0,8.0,90.0,1100.0,545.76,0,0,1,0
269,1362508,Y ,4.0,5.0,90.0,1072.17,255.11,6,0,1,0
270,1362843,Y ,6.0,16.0,77.0,,224.72,9,0,1,0
271,1363171,Y ,10.0,18.0,71.0,1800.0,,9,1,0,0
272,1362664,Y ,6.0,26.0,67.0,1052.38,,4,0,1,0
273,1363247,Y ,3.0,4.0,92.0,3000.0,339.33,4,0,1,0
274,1362602,Y ,1.0,8.0,90.0,1661.44,2735.3,4,0,0,1
275,1362506,Y ,,,,4216.53,,2,1,0,0
276,1362810,Y ,1.0,4.0,77.0,332.95,731.5,2,0,1,0
277,1363324,Y ,1.0,1.0,42.0,,,6,0,1,0
278,1362849,Y ,2.0,5.0,92.0,515.69,,4,1,0,0
279,1363429,Y ,0.0,0.0,12.0,1739.74,171.9,6,0,1,0
280,1363129,Y ,0.0,1.0,98.0,335.42,,5,0,1,0
281,1363234,Y ,1.0,6.0,92.0,3000.0,918.39,9,0,1,0
282,1362838,Y ,,,,,1013.94,2,0,0,1
283,1362852,N ,6.0,13.0,80.0,1700.0,,6,0,1,0
284,1362912,Y ,2.0,9.0,88.0,1500.0,,5,0,1,0
285,1362604,Y ,,,,,233.76,0,0,0,1
286,1363335,Y ,1.0,8.0,90.0,806.94,,2,1,0,0
287,1362805,Y ,2.0,6.0,91.0,300.0,232.15,8,1,0,0
288,1362665,Y ,,,,,2144.37,6,0,0,1
289,1363414,Y ,3.0,13.0,83.0,202.13,1411.05,4,0,1,0
290,1363462,Y ,0.0,0.0,24.0,3000.0,2034.99,4,1,0,0
291,1363421,Y ,3.0,13.0,83.0,814.67,197.64,7,0,1,0
292,1362703,Y ,6.0,12.0,81.0,947.81,7144.39,4,0,0,1
293,1362868,Y ,7.0,3.0,89.0,1000.0,,3,1,0,0
294,1363311,Y ,11.0,26.0,62.0,2700.0,299.67,0,0,0,1
295,1363294,Y ,,,,3157.9,763.8,3,0,0,1
296,1363493,Y ,4.0,17.0,78.0,0.0,553.61,5,0,1,0
297,1363484,Y ,1.0,7.0,91.0,408.08,,2,0,1,0
298,1363164,Y ,1.0,6.0,92.0,1200.0,258.05,7,1,0,0
299,1362500,Y ,3.0,2.0,13.0,,335.99,0,0,1,0
300,1363394,Y ,,,,1000.0,2270.28,9,1,0,0
301,1363038,Y ,0.0,10.0,89.0,1800.0,508.26,0,1,0,0
302,1363011,Y ,30.0,17.0,52.0,20.0,1387.58,5,0,1,0
303,1363485,Y ,,,,1000.0,157.76,8,0,0,1
304,1362720,Y ,1.0,4.0,94.0,1000.0,1497.85,4,0,0,1
305,1362888,Y ,20.0,19.0,60.0,6454.87,,4,0,1,0
306,1363173,Y ,2.0,3.0,94.0,1400.0,382.8,8,1,0,0
307,1363426,Y ,2.0,10.0,28.0,917.28,,6,0,1,0
308,1362945,N ,4.0,3.0,92.0,505.56,1804.89,6,0,0,1
309,1362645,N ,9.0,12.0,78.0,20.0,,1,1,0,0
310,1362520,N ,8.0,15.0,76.0,20.0,,2,1,0,0
311,1362577,Y ,16.0,10.0,73.0,1808.22,,0,0,1,0
312,1363215,Y ,2.0,5.0,19.0,2089.45,2689.95,7,1,0,0
313,1363117,Y ,2.0,6.0,51.0,1112.8,297.36,7,0,0,1
314,1362671,Y ,,,,1100.0,83.19,4,1,0,0
315,1363217,Y ,3.0,8.0,88.0,944.16,,1,1,0,0
316,1363470,Y ,2.0,8.0,89.0,5000.0,,8,1,0,0
317,1362978,Y ,9.0,24.0,66.0,2103.69,28.91,1,1,0,0
318,1363184,Y ,0.0,0.0,24.0,1000.0,,0,0,1,0
319,1363447,Y ,3.0,7.0,89.0,1000.0,671.09,1,0,0,1
320,1363251,Y ,3.0,7.0,89.0,,5059.46,4,0,1,0
321,1362578,Y ,1.0,6.0,92.0,731.2,862.43,2,0,0,1
322,1363081,Y ,2.0,2.0,41.0,84.59,765.22,7,0,1,0
323,1362766,Y ,29.0,7.0,63.0,20.0,22432.78,6,0,1,0
324,1363316,Y ,3.0,7.0,89.0,1000.0,629.06,5,0,0,1
325,1363097,Y ,1.0,6.0,92.0,1100.0,10.28,4,1,0,0
326,1362708,Y ,1.0,1.0,97.0,1000.0,3821.12,4,0,0,1
327,1363187,Y ,8.0,14.0,77.0,2300.0,335.7,7,0,0,1
328,1362658,Y ,2.0,4.0,20.0,0.0,238.62,4,0,1,0
329,1363434,N ,14.0,17.0,68.0,,2728.02,7,0,0,1
330,1362998,Y ,2.0,5.0,50.0,,,2,0,1,0
331,1363304,Y ,1.0,3.0,95.0,,,8,0,1,0
332,1362508,Y ,4.0,5.0,90.0,1072.17,255.11,6,1,0,0
333,1362962,Y ,0.0,3.0,96.0,609.74,,3,1,0,0
334,1362830,Y ,2.0,5.0,92.0,88.21,35.68,3,0,0,1
335,1362562,Y ,20.0,15.0,64.0,9500.0,3864.77,6,0,0,1
336,1363247,Y ,3.0,4.0,92.0,3000.0,339.33,4,1,0,0
337,1363389,Y ,1.0,4.0,94.0,,177.4,3,0,0,1
338,1362932,Y ,3.0,5.0,91.0,,523.84,3,0,0,1
339,1362653,Y ,1.0,12.0,86.0,1188.57,,7,0,1,0
340,1363302,Y ,11.0,17.0,71.0,0.0,,5,0,1,0
341,1362993,Y ,7.0,5.0,87.0,,435.7,0,0,1,0
342,1362662,Y ,4.0,4.0,91.0,,,5,0,1,0
343,1362531,Y ,8.0,21.0,70.0,2200.0,,1,0,1,0
344,1363429,N ,0.0,0.0,12.0,1739.74,171.9,6,1,0,0
345,1362999,Y ,4.0,11.0,84.0,988.54,,6,1,0,0
346,1362827,Y ,2.0,6.0,91.0,,306.35,4,0,0,1
347,1362725,Y ,21.0,15.0,63.0,1939.63,16095.5,2,0,1,0
348,1363234,Y ,1.0,6.0,92.0,3000.0,918.39,9,1,0,0
349,1363444,Y ,1.0,4.0,94.0,1000.0,,1,0,1,0
350,1362852,Y ,6.0,13.0,80.0,1700.0,,6,1,0,0
351,1363271,Y ,8.0,5.0,86.0,1179.95,678.94,1,0,1,0
352,1362498,Y ,1.0,2.0,54.0,,2307.85,0,0,1,0
353,1362570,Y ,,,,,174.16,0,0,0,1
354,1363365,Y ,9.0,17.0,73.0,2100.0,,4,0,1,0
355,1363445,Y ,,,,,552.01,8,0,0,1
356,1363109,Y ,1.0,4.0,94.0,,,2,0,1,0
357,1362950,Y ,0.0,0.0,1.0,162.95,1545.22,0,1,0,0
358,1363354,Y ,1.0,8.0,90.0,3000.0,1116.71,6,0,0,1
359,1362555,N ,1.0,12.0,86.0,,260.59,6,0,1,0
360,1362763,Y ,0.0,3.0,77.0,160.0,,0,0,1,0
361,1362550,Y ,,,,,487.77,0,0,0,1
362,1363054,Y ,1.0,8.0,90.0,917.3,,6,0,1,0
363,1363057,Y ,,,,938.43,1385.03,4,0,0,1
364,1363414,Y ,3.0,13.0,83.0,202.13,1411.05,4,1,0,0
365,1362991,Y ,2.0,5.0,92.0,1343.81,369.81,9,1,0,0
366,1363112,Y ,4.0,9.0,86.0,0.0,,8,0,1,0
367,1363126,Y ,20.0,14.0,65.0,2900.0,3138.91,0,0,1,0
368,1363442,Y ,20.0,14.0,65.0,,,5,0,1,0
369,1362499,Y ,,,,1900.0,,5,1,0,0
370,1363421,Y ,3.0,13.0,83.0,814.67,197.64,7,1,0,0
371,1362835,Y ,0.0,0.0,11.0,9.51,2060.9,7,0,1,0
372,1362700,Y ,2.0,1.0,24.0,107.4,315.88,5,0,0,1
373,1363147,Y ,3.0,3.0,93.0,202.99,1152.38,8,0,0,1
374,1362990,N ,4.0,11.0,84.0,1426.93,1113.07,1,0,1,0
375,1362656,Y ,,,,445.22,367.8,4,1,0,0
376,1363484,Y ,1.0,7.0,91.0,408.08,,2,1,0,0
377,1362596,Y ,,,,,259.05,0,0,0,1
378,1363428,N ,3.0,6.0,90.0,,,2,0,1,0
379,1362797,Y ,,,,100.0,,2,1,0,0
380,1362711,Y ,1.0,4.0,94.0,,38.87,5,0,1,0
381,1362872,Y ,,,,1000.0,,7,1,0,0
382,1362888,Y ,20.0,19.0,60.0,6454.87,,4,1,0,0
383,1362929,Y ,15.0,8.0,76.0,4200.0,1535.83,8,1,0,0
384,1362526,Y ,10.0,9.0,80.0,1982.36,1145.74,1,0,0,1
385,1363158,Y ,1.0,0.0,44.0,121.67,1917.72,8,1,0,0
386,1363145,N ,0.0,5.0,94.0,,444.57,1,0,0,1
387,1362529,Y ,6.0,7.0,86.0,433.43,873.14,3,0,0,1
388,1363426,Y ,2.0,10.0,28.0,917.28,,6,1,0,0
389,1363374,Y ,0.0,0.0,38.0,0.0,601.14,0,0,0,1
390,1362687,Y ,4.0,5.0,90.0,481.97,1111.42,7,0,0,1
391,1362883,Y ,,,,983.06,149.74,1,1,0,0
392,1362824,Y ,11.0,22.0,66.0,959.72,,8,0,1,0
393,1362895,Y ,,,,1300.0,96.25,6,0,0,1
394,1362777,Y ,,,,1868.87,29.46,0,0,0,1
395,1362699,Y ,2.0,5.0,92.0,677.69,,4,0,1,0
396,1362781,Y ,3.0,15.0,73.0,,2797.34,1,0,1,0
397,1363060,Y ,10.0,20.0,69.0,2192.95,1441.88,6,0,1,0
398,1363346,Y ,8.0,21.0,62.0,,332.08,5,0,0,1
399,1362769,Y ,,,,553.09,,3,1,0,0
400,1362577,Y ,16.0,10.0,73.0,1808.22,,0,1,0,0
401,1362921,Y ,0.0,3.0,66.0,81.68,,5,1,0,0
402,1363046,Y ,4.0,9.0,86.0,,561.55,1,0,1,0
403,1362670,N ,4.0,9.0,86.0,,,5,0,1,0
404,1362766,N ,29.0,7.0,63.0,20.0,22432.78,6,1,0,0
405,1363392,Y ,4.0,7.0,88.0,1000.0,241.59,2,1,0,0
406,1363403,Y ,10.0,15.0,74.0,1900.0,1590.22,2,0,1,0
407,1363471,Y ,1.0,9.0,89.0,3229.66,1777.03,0,0,0,1
408,1363264,N ,2.0,7.0,90.0,1000.0,369.44,1,0,1,0
409,1362705,Y ,2.0,15.0,82.0,413.11,1415.16,0,0,1,0
410,1363409,Y ,,,,160.42,,9,1,0,0
411,1362928,Y ,3.0,7.0,89.0,596.11,,4,0,1,0
412,1363013,Y ,0.0,5.0,94.0,1000.0,,5,0,1,0
413,1362730,Y ,0.0,6.0,93.0,3000.0,,7,1,0,0
414,1363123,Y ,20.0,16.0,63.0,2800.0,,2,0,1,0
415,1363267,Y ,14.0,11.0,74.0,1271.39,1699.39,7,0,0,1
416,1362621,Y ,1.0,6.0,74.0,1000.0,1498.4,1,0,1,0
417,1363193,Y ,4.0,6.0,46.0,1442.0,598.57,5,0,1,0
418,1363420,Y ,1.0,6.0,92.0,1011.2,,2,0,1,0
419,1362584,Y ,1.0,1.0,97.0,1000.0,1999.37,1,0,0,1
420,1363265,Y ,5.0,12.0,82.0,133.12,900.52,1,0,0,1
421,1362617,Y ,2.0,3.0,50.0,306.84,138.02,0,0,0,1
422,1362653,Y ,1.0,12.0,86.0,1188.57,,7,1,0,0
423,1363199,Y ,2.0,2.0,37.0,127.09,251.39,1,1,0,0
424,1363259,Y ,,,,334.29,,7,1,0,0
425,1362761,Y ,1.0,1.0,64.0,0.0,490.67,2,1,0,0
426,1362531,Y ,8.0,21.0,70.0,2200.0,,1,1,0,0
427,1362926,Y ,1.0,10.0,88.0,1000.0,1230.28,5,1,0,0
428,1362725,Y ,21.0,15.0,63.0,1939.63,16095.5,2,1,0,0
429,1362976,Y ,,,,,137.99,9,0,0,1
430,1362754,Y ,1.0,9.0,89.0,0.0,240.75,5,0,1,0
431,1363170,Y ,2.0,3.0,94.0,904.09,,2,1,0,0
432,1363444,Y ,1.0,4.0,94.0,1000.0,,1,1,0,0
433,1362727,N ,15.0,9.0,75.0,0.0,9132.52,1,1,0,0
434,1363271,Y ,8.0,5.0,86.0,1179.95,678.94,1,1,0,0
435,1362768,Y ,0.0,0.0,24.0,,,1,0,1,0
436,1363068,N ,,,,20.0,,8,1,0,0
437,1362484,Y ,2.0,3.0,94.0,369.72,2122.17,2,1,0,0
438,1362736,Y ,0.0,1.0,50.0,328.79,2180.1,2,0,0,1
439,1362825,Y ,2.0,17.0,80.0,1000.0,50.77,3,0,0,1
440,1363387,Y ,2.0,10.0,87.0,1000.0,110.52,5,0,1,0
441,1362557,Y ,2.0,6.0,91.0,1000.0,68.86,0,1,0,0
442,1363016,Y ,,,,1223.77,,4,1,0,0
443,1362909,Y ,,,,54.09,1149.38,3,1,0,0
444,1363258,N ,0.0,1.0,51.0,,845.68,5,0,1,0
445,1363232,Y ,,,,1000.0,,5,1,0,0
446,1363088,Y ,3.0,7.0,89.0,739.86,1426.1,4,0,1,0
447,1362509,N ,1.0,2.0,96.0,10.0,337.82,2,0,0,1
448,1363126,Y ,20.0,14.0,65.0,2900.0,3138.91,0,1,0,0
449,1363196,Y ,1.0,11.0,87.0,1800.0,,2,1,0,0
450,1362597,Y ,4.0,8.0,87.0,442.72,,4,0,1,0
451,1362837,Y ,1.0,8.0,90.0,1100.0,545.76,0,1,0,0
452,1362835,Y ,0.0,0.0,11.0,9.51,2060.9,7,1,0,0
453,1362664,Y ,6.0,26.0,67.0,1052.38,,4,1,0,0
454,1362609,N ,1.0,5.0,93.0,3000.0,49.39,8,0,1,0
455,1362920,Y ,0.0,2.0,41.0,0.0,739.98,0,0,1,0
456,1362964,N ,4.0,5.0,90.0,1000.0,119.39,9,0,0,1
457,1362810,Y ,1.0,4.0,77.0,332.95,731.5,2,1,0,0
458,1362746,Y ,2.0,1.0,96.0,1000.0,2946.92,5,0,1,0
459,1363352,Y ,5.0,4.0,90.0,906.54,2950.23,3,0,0,1
460,1362973,Y ,2.0,9.0,88.0,734.81,2570.3,0,0,0,1
461,1363129,Y ,0.0,1.0,98.0,335.42,,5,1,0,0
462,1362569,Y ,11.0,9.0,79.0,9200.0,,0,0,1,0
463,1362912,Y ,2.0,9.0,88.0,1500.0,,5,1,0,0
464,1362894,N ,,,,1840.0,360.28,7,1,0,0
465,1362512,N ,3.0,9.0,87.0,1880.46,1194.36,2,0,0,1
466,1363103,Y ,8.0,10.0,81.0,513.06,,3,0,1,0
467,1363253,Y ,8.0,14.0,77.0,2000.0,1701.18,8,0,1,0
468,1362530,Y ,8.0,16.0,75.0,2000.0,900.52,7,0,1,0
469,1363083,Y ,2.0,7.0,90.0,969.94,6325.98,4,0,1,0
470,1362881,Y ,1.0,2.0,96.0,440.26,61.5,5,0,0,1
471,1363493,Y ,4.0,17.0,78.0,0.0,553.61,5,1,0,0
472,1362699,Y ,2.0,5.0,92.0,677.69,,4,1,0,0
473,1362760,Y ,6.0,6.0,45.0,,,8,0,1,0
474,1362713,Y ,0.0,2.0,30.0,,468.2,0,0,1,0
475,1362749,Y ,3.0,10.0,86.0,3000.0,136.05,2,0,1,0
476,1363060,Y ,10.0,20.0,69.0,2192.95,1441.88,6,1,0,0
477,1363317,Y ,0.0,7.0,66.0,307.6,186.53,8,0,1,0
478,1362542,Y ,1.0,8.0,44.0,20.0,1654.74,6,0,0,1
479,1362685,Y ,5.0,8.0,86.0,1208.1,1735.39,2,0,0,1
480,1363250,N ,4.0,12.0,83.0,,,7,0,1,0
481,1363011,N ,30.0,17.0,52.0,20.0,1387.58,5,1,0,0
482,1362705,Y ,2.0,15.0,82.0,413.11,1415.16,0,1,0,0
483,1363482,N ,,,,355.26,486.4,6,1,0,0
484,1362928,Y ,3.0,7.0,89.0,596.11,,4,1,0,0
485,1363142,Y ,10.0,15.0,74.0,1953.78,404.63,0,0,1,0
486,1362606,Y ,11.0,16.0,72.0,1232.96,,1,0,1,0
487,1363408,N ,6.0,14.0,79.0,1800.0,1056.1,5,0,1,0
488,1363193,Y ,4.0,6.0,46.0,1442.0,598.57,5,1,0,0
489,1363018,Y ,11.0,16.0,72.0,2300.0,9387.66,4,0,1,0
490,1363291,Y ,6.0,20.0,73.0,5014.14,653.58,0,0,1,0
491,1363184,Y ,0.0,0.0,24.0,1000.0,,0,1,0,0
492,1362528,Y ,2.0,8.0,89.0,540.09,269.93,9,0,0,1
493,1363128,Y ,0.0,2.0,30.0,140.0,2211.69,4,0,1,0
494,1362590,Y ,0.0,2.0,68.0,,558.44,2,0,0,1
495,1363081,N ,2.0,2.0,41.0,84.59,765.22,7,1,0,0
496,1363182,Y ,,,,5100.0,753.69,0,1,0,0
497,1362822,Y ,3.0,13.0,83.0,1000.0,523.43,1,0,1,0
498,1363348,Y ,5.0,13.0,81.0,1800.0,1628.76,5,0,0,1
499,1362804,Y ,16.0,24.0,59.0,682.34,450.37,8,0,1,0
500,1363458,Y ,2.0,8.0,89.0,596.63,160.66,3,0,0,1
501,1362658,Y ,2.0,4.0,20.0,0.0,238.62,4,1,0,0
502,1362698,Y ,17.0,19.0,63.0,2500.0,3110.27,5,0,1,0
503,1363176,Y ,,,,,128.07,1,0,0,1
504,1363048,Y ,7.0,17.0,75.0,,,0,0,1,0
505,1362805,Y ,2.0,6.0,91.0,300.0,232.15,8,0,0,1
506,1363334,Y ,1.0,5.0,93.0,,478.96,2,0,1,0
507,1363086,Y ,,,,130.9,1196.95,1,1,0,0
508,1363296,Y ,3.0,6.0,90.0,1001.67,2505.34,4,0,1,0
509,1363262,N ,4.0,18.0,77.0,,6027.35,4,0,1,0
510,1363462,Y ,0.0,0.0,24.0,3000.0,2034.99,4,0,0,1
511,1362523,Y ,,,,,127.38,5,0,0,1
512,1362903,Y ,,,,1500.0,3704.8,3,1,0,0
513,1363302,N ,11.0,17.0,71.0,0.0,,5,1,0,0
514,1362659,Y ,,,,,315.94,6,0,0,1
515,1363337,Y ,25.0,12.0,62.0,,7766.05,3,0,0,1
516,1363214,Y ,1.0,7.0,91.0,,,4,0,1,0
517,1363343,Y ,,,,,2007.65,0,0,0,1
518,1363164,Y ,1.0,6.0,92.0,1200.0,258.05,7,0,0,1
519,1363365,Y ,9.0,17.0,73.0,2100.0,,4,1,0,0
520,1363394,Y ,,,,1000.0,2270.28,9,0,0,1
521,1362693,Y ,4.0,1.0,94.0,1000.0,10.34,1,0,1,0
522,1362920,Y ,0.0,2.0,41.0,0.0,739.98,0,1,0,0
523,1363400,Y ,13.0,18.0,68.0,2186.72,137.85,9,0,1,0
524,1362975,N ,7.0,13.0,74.0,525.5,,6,0,1,0
525,1363037,Y ,9.0,13.0,77.0,1000.0,2054.92,8,0,1,0
526,1363173,N ,2.0,3.0,94.0,1400.0,382.8,8,0,0,1
527,1363043,Y ,4.0,9.0,86.0,1000.0,1379.43,2,0,1,0
528,1363215,Y ,2.0,5.0,19.0,2089.45,2689.95,7,0,0,1
529,1362644,Y ,0.0,2.0,34.0,463.65,132.42,4,0,1,0
530,1362671,Y ,,,,1100.0,83.19,4,0,0,1
531,1362682,Y ,1.0,6.0,58.0,,243.79,2,0,1,0
532,1363253,Y ,8.0,14.0,77.0,2000.0,1701.18,8,1,0,0
533,1363010,Y ,3.0,2.0,94.0,648.51,883.63,3,0,1,0
534,1363083,Y ,2.0,7.0,90.0,969.94,6325.98,4,1,0,0
535,1362763,Y ,0.0,3.0,77.0,160.0,,0,1,0,0
536,1363095,Y ,2.0,6.0,74.0,,868.08,0,0,0,1
537,1362772,Y ,3.0,7.0,89.0,,,1,0,1,0
538,1363450,Y ,6.0,7.0,86.0,,1018.62,8,0,0,1
539,1363054,Y ,1.0,8.0,90.0,917.3,,6,1,0,0
540,1362690,Y ,3.0,12.0,84.0,1200.0,111.34,7,0,1,0
541,1363038,Y ,0.0,10.0,89.0,1800.0,508.26,0,0,0,1
542,1363436,Y ,1.0,1.0,97.0,,,5,0,1,0
543,1363270,Y ,1.0,10.0,88.0,,380.05,1,0,1,0
544,1363491,N ,,,,,17.82,6,0,0,1
545,1363112,Y ,4.0,9.0,86.0,0.0,,8,1,0,0
546,1362507,Y ,3.0,1.0,95.0,,,2,0,1,0
547,1362752,Y ,7.0,11.0,75.0,0.0,609.33,3,0,1,0
548,1362749,Y ,3.0,10.0,86.0,3000.0,136.05,2,1,0,0
549,1362783,N ,3.0,4.0,92.0,,699.58,9,0,1,0
550,1363317,Y ,0.0,7.0,66.0,307.6,186.53,8,1,0,0
551,1362650,Y ,,,,1000.0,149.2,0,1,0,0
552,1363142,Y ,10.0,15.0,74.0,1953.78,404.63,0,1,0,0
553,1362990,Y ,4.0,11.0,84.0,1426.93,1113.07,1,1,0,0
554,1362508,Y ,4.0,5.0,90.0,1072.17,255.11,6,0,0,1
555,1363101,Y ,,,,2054.32,6015.58,0,1,0,0
556,1363408,Y ,6.0,14.0,79.0,1800.0,1056.1,5,1,0,0
557,1362978,Y ,9.0,24.0,66.0,2103.69,28.91,1,0,0,1
558,1363018,Y ,11.0,16.0,72.0,2300.0,9387.66,4,1,0,0
559,1362595,Y ,0.0,10.0,89.0,,,5,0,1,0
560,1363247,Y ,3.0,4.0,92.0,3000.0,339.33,4,0,0,1
561,1363097,Y ,1.0,6.0,92.0,1100.0,10.28,4,0,0,1
562,1363128,Y ,0.0,2.0,30.0,140.0,2211.69,4,1,0,0
563,1363457,Y ,30.0,8.0,61.0,4626.88,3028.72,7,0,1,0
564,1363157,Y ,23.0,18.0,58.0,,,2,0,1,0
565,1363108,Y ,0.0,0.0,5.0,458.67,360.12,3,0,1,0
566,1362822,Y ,3.0,13.0,83.0,1000.0,523.43,1,1,0,0
567,1362566,N ,44.0,13.0,42.0,20.0,,4,0,1,0
568,1362804,Y ,16.0,24.0,59.0,682.34,450.37,8,1,0,0
569,1362939,Y ,7.0,12.0,80.0,772.03,1173.89,4,0,1,0
570,1363429,Y ,0.0,0.0,12.0,1739.74,171.9,6,0,0,1
571,1362718,Y ,0.0,0.0,12.0,78.8,1918.23,1,0,1,0
572,1363234,Y ,1.0,6.0,92.0,3000.0,918.39,9,0,0,1
573,1362824,Y ,11.0,22.0,66.0,959.72,,8,1,0,0
574,1363209,N ,4.0,8.0,87.0,1600.0,1813.9,9,0,1,0
575,1362860,Y ,,,,,2100.68,7,0,0,1
576,1363414,Y ,3.0,13.0,83.0,202.13,1411.05,4,0,0,1
577,1362623,N ,0.0,2.0,52.0,,140.14,3,0,1,0
578,1362563,N ,2.0,7.0,90.0,1000.0,,3,0,1,0
579,1363035,Y ,2.0,4.0,93.0,0.0,756.72,0,0,1,0
580,1362620,Y ,6.0,17.0,76.0,,,1,0,1,0
581,1362931,Y ,11.0,23.0,65.0,,,3,0,1,0
582,1363421,Y ,3.0,13.0,83.0,814.67,197.64,7,0,0,1
583,1363403,Y ,10.0,15.0,74.0,1900.0,1590.22,2,1,0,0
584,1362735,Y ,3.0,9.0,87.0,3000.0,288.87,0,0,1,0
585,1363264,Y ,2.0,7.0,90.0,1000.0,369.44,1,1,0,0
586,1363092,Y ,3.0,4.0,92.0,,397.29,0,0,1,0
587,1363013,Y ,0.0,5.0,94.0,1000.0,,5,1,0,0
588,1363371,Y ,0.0,6.0,93.0,,87.77,4,0,1,0
589,1363123,Y ,20.0,16.0,63.0,2800.0,,2,1,0,0
590,1363201,Y ,1.0,1.0,15.0,1000.0,74.54,0,0,1,0
591,1362525,Y ,1.0,4.0,94.0,1051.01,313.46,7,0,1,0
592,1362500,Y ,3.0,2.0,13.0,,335.99,0,0,0,1
593,1362970,Y ,0.0,5.0,44.0,,278.07,1,0,0,1
594,1362693,Y ,4.0,1.0,94.0,1000.0,10.34,1,1,0,0
595,1362642,Y ,0.0,2.0,97.0,1000.0,91.21,2,0,1,0
596,1363400,Y ,13.0,18.0,68.0,2186.72,137.85,9,1,0,0
597,1362621,Y ,1.0,6.0,74.0,1000.0,1498.4,1,1,0,0
598,1363037,Y ,9.0,13.0,77.0,1000.0,2054.92,8,1,0,0
599,1363420,Y ,1.0,6.0,92.0,1011.2,,2,1,0,0
600,1363043,Y ,4.0,9.0,86.0,1000.0,1379.43,2,1,0,0
601,1363475,Y ,0.0,13.0,86.0,727.2,,2,0,1,0
602,1362644,Y ,0.0,2.0,34.0,463.65,132.42,4,1,0,0
603,1363284,Y ,5.0,11.0,83.0,965.92,860.93,5,0,1,0
604,1363010,Y ,3.0,2.0,94.0,648.51,883.63,3,1,0,0
605,1362950,Y ,0.0,0.0,1.0,162.95,1545.22,0,0,0,1
606,1362511,Y ,3.0,6.0,90.0,904.93,748.73,3,0,1,0
607,1362936,Y ,0.0,7.0,92.0,244.47,792.11,2,0,1,0
608,1363385,Y ,,,,0.0,1720.35,8,1,0,0
609,1363100,Y ,2.0,6.0,91.0,,,3,0,1,0
610,1362752,N ,7.0,11.0,75.0,0.0,609.33,3,1,0,0
611,1363345,Y ,11.0,9.0,79.0,2700.0,,5,0,1,0
612,1362740,Y ,3.0,3.0,71.0,1121.88,119.87,1,0,1,0
613,1362991,Y ,2.0,5.0,92.0,1343.81,369.81,9,0,0,1
614,1362766,Y ,29.0,7.0,63.0,20.0,22432.78,6,0,0,1
615,1362737,Y ,6.0,16.0,77.0,6600.0,,1,0,1,0
616,1363457,Y ,30.0,8.0,61.0,4626.88,3028.72,7,1,0,0
617,1362743,Y ,4.0,4.0,91.0,3000.0,2885.15,0,0,1,0
618,1362516,Y ,0.0,4.0,20.0,430.72,,3,0,1,0
619,1362754,Y ,1.0,9.0,89.0,0.0,240.75,5,1,0,0
620,1363108,Y ,0.0,0.0,5.0,458.67,360.12,3,1,0,0
621,1362656,Y ,,,,445.22,367.8,4,0,0,1
622,1362566,N ,44.0,13.0,42.0,20.0,,4,1,0,0
623,1363387,Y ,2.0,10.0,87.0,1000.0,110.52,5,1,0,0
624,1363298,N ,20.0,19.0,60.0,,,8,0,1,0
625,1362929,Y ,15.0,8.0,76.0,4200.0,1535.83,8,0,0,1
626,1362939,Y ,7.0,12.0,80.0,772.03,1173.89,4,1,0,0
627,1363158,Y ,1.0,0.0,44.0,121.67,1917.72,8,0,0,1
628,1362718,Y ,0.0,0.0,12.0,78.8,1918.23,1,1,0,0
629,1363088,Y ,3.0,7.0,89.0,739.86,1426.1,4,1,0,0
630,1363433,Y ,2.0,4.0,75.0,0.0,,5,0,1,0
631,1362597,Y ,4.0,8.0,87.0,442.72,,4,1,0,0
632,1363022,Y ,1.0,1.0,13.0,604.65,140.0,1,0,1,0
633,1362883,Y ,,,,983.06,149.74,1,0,0,1
634,1362586,Y ,1.0,4.0,94.0,3700.0,,6,0,1,0
635,1362609,Y ,1.0,5.0,93.0,3000.0,49.39,8,1,0,0
636,1362815,Y ,3.0,2.0,94.0,1000.0,348.98,2,0,1,0
637,1363025,N ,,,,,3136.9,6,0,0,1
638,1363035,Y ,2.0,4.0,93.0,0.0,756.72,0,1,0,0
639,1362746,Y ,2.0,1.0,96.0,1000.0,2946.92,5,1,0,0
640,1362880,Y ,,,,,551.31,5,0,0,1
641,1362496,Y ,,,,,251.06,2,0,0,1
642,1362993,Y ,7.0,5.0,87.0,,435.7,0,0,0,1
643,1363212,Y ,0.0,7.0,92.0,3000.0,,5,0,1,0
644,1362982,Y ,,,,,3313.65,7,0,0,1
645,1362569,Y ,11.0,9.0,79.0,9200.0,,0,1,0,0
646,1362725,Y ,21.0,15.0,63.0,1939.63,16095.5,2,0,0,1
647,1362817,Y ,0.0,9.0,90.0,1000.0,754.8,8,0,1,0
648,1362938,N ,3.0,9.0,87.0,436.98,,1,0,1,0
649,1363392,Y ,4.0,7.0,88.0,1000.0,241.59,2,0,0,1
650,1363067,Y ,2.0,2.0,95.0,,288.33,2,0,1,0
651,1363103,N ,8.0,10.0,81.0,513.06,,3,1,0,0
652,1362525,Y ,1.0,4.0,94.0,1051.01,313.46,7,1,0,0
653,1362505,Y ,2.0,1.0,96.0,,205.68,3,0,1,0
654,1362642,Y ,0.0,2.0,97.0,1000.0,91.21,2,1,0,0
655,1362530,Y ,8.0,16.0,75.0,2000.0,900.52,7,1,0,0
656,1363271,Y ,8.0,5.0,86.0,1179.95,678.94,1,0,0,1
657,1363199,Y ,2.0,2.0,37.0,127.09,251.39,1,0,0,1
658,1363475,Y ,0.0,13.0,86.0,727.2,,2,1,0,0
659,1363282,Y ,1.0,8.0,82.0,272.69,,8,0,1,0
660,1362848,Y ,,,,,4844.42,7,0,0,1
661,1362887,Y ,24.0,11.0,64.0,,4262.93,6,0,1,0
662,1363284,Y ,5.0,11.0,83.0,965.92,860.93,5,1,0,0
663,1362761,Y ,1.0,1.0,64.0,0.0,490.67,2,0,0,1
664,1363228,Y ,5.0,14.0,80.0,,1538.46,1,0,1,0
665,1362926,Y ,1.0,10.0,88.0,1000.0,1230.28,5,0,0,1
666,1362936,Y ,0.0,7.0,92.0,244.47,792.11,2,1,0,0
667,1363175,Y ,2.0,3.0,94.0,1148.45,,1,0,1,0
668,1363345,Y ,11.0,9.0,79.0,2700.0,,5,1,0,0
669,1362727,Y ,15.0,9.0,75.0,0.0,9132.52,1,0,0,1
670,1362555,Y ,1.0,12.0,86.0,,260.59,6,0,0,1
671,1363150,Y ,,,,,370.22,6,0,0,1
672,1362737,Y ,6.0,16.0,77.0,6600.0,,1,1,0,0
673,1362568,Y ,3.0,10.0,86.0,0.0,386.2,1,0,1,0
674,1362743,Y ,4.0,4.0,91.0,3000.0,2885.15,0,1,0,0
675,1362606,Y ,11.0,16.0,72.0,1232.96,,1,1,0,0
676,1362997,Y ,0.0,2.0,64.0,420.0,201.95,2,0,1,0
677,1362484,Y ,2.0,3.0,94.0,369.72,2122.17,2,0,0,1
678,1363126,Y ,20.0,14.0,65.0,2900.0,3138.91,0,0,0,1
679,1363291,Y ,6.0,20.0,73.0,5014.14,653.58,0,1,0,0
680,1363276,Y ,,,,,2037.38,2,0,0,1
681,1363356,Y ,0.0,3.0,96.0,1000.0,148.06,9,0,1,0
682,1362835,Y ,0.0,0.0,11.0,9.51,2060.9,7,0,0,1
683,1362557,Y ,2.0,6.0,91.0,1000.0,68.86,0,0,0,1
684,1362546,Y ,3.0,5.0,91.0,1292.63,991.01,5,0,1,0
685,1362698,Y ,17.0,19.0,63.0,2500.0,3110.27,5,1,0,0
686,1362894,Y ,,,,1840.0,360.28,7,0,0,1
687,1362933,Y ,1.0,4.0,94.0,899.08,17.18,5,0,1,0
688,1363002,Y ,5.0,16.0,78.0,2684.46,,6,0,1,0
689,1362909,Y ,,,,54.09,1149.38,3,0,0,1
690,1363353,Y ,5.0,22.0,72.0,1504.14,1663.95,6,0,1,0
691,1362837,Y ,1.0,8.0,90.0,1100.0,545.76,0,0,0,1
692,1362722,Y ,13.0,24.0,62.0,1469.22,261.18,0,0,1,0
693,1363296,Y ,3.0,6.0,90.0,1001.67,2505.34,4,1,0,0
694,1363060,Y ,10.0,20.0,69.0,2192.95,1441.88,6,0,0,1
695,1362843,Y ,6.0,16.0,77.0,,224.72,9,0,0,1
696,1362961,N ,1.0,3.0,95.0,1000.0,,3,0,1,0
697,1363223,Y ,5.0,10.0,84.0,586.29,2771.42,3,0,1,0
698,1362513,Y ,1.0,1.0,36.0,,352.05,2,0,1,0
699,1362810,Y ,1.0,4.0,77.0,332.95,731.5,2,0,0,1
700,1362675,Y ,0.0,0.0,43.0,911.38,274.78,3,0,1,0
701,1363004,Y ,2.0,4.0,50.0,505.43,169.81,3,0,1,0
702,1363212,Y ,0.0,7.0,92.0,3000.0,,5,1,0,0
703,1363229,Y ,,,,1143.13,536.08,4,1,0,0
704,1362817,Y ,0.0,9.0,90.0,1000.0,754.8,8,1,0,0
705,1363493,N ,4.0,17.0,78.0,0.0,553.61,5,0,0,1
706,1362705,Y ,2.0,15.0,82.0,413.11,1415.16,0,0,0,1
707,1363011,Y ,30.0,17.0,52.0,20.0,1387.58,5,0,0,1
708,1363193,Y ,4.0,6.0,46.0,1442.0,598.57,5,0,0,1
709,1363482,Y ,,,,355.26,486.4,6,0,0,1
710,1363495,Y ,3.0,5.0,91.0,,2783.16,3,0,1,0
711,1363242,N ,4.0,1.0,94.0,,,2,0,1,0
712,1363490,Y ,,,,,2301.53,7,0,0,1
713,1363121,Y ,,,,,122.74,6,0,0,1
714,1363282,Y ,1.0,8.0,82.0,272.69,,8,1,0,0
715,1362975,Y ,7.0,13.0,74.0,525.5,,6,1,0,0
716,1363182,Y ,,,,5100.0,753.69,0,0,0,1
717,1363438,Y ,4.0,3.0,92.0,684.3,95.3,2,0,1,0
718,1363208,Y ,3.0,2.0,94.0,,1094.05,0,0,1,0
719,1362677,Y ,2.0,7.0,90.0,,,2,0,1,0
720,1363138,Y ,1.0,4.0,94.0,914.08,1293.45,2,0,1,0
721,1363251,Y ,3.0,7.0,89.0,,5059.46,4,0,0,1
722,1363175,Y ,2.0,3.0,94.0,1148.45,,1,1,0,0
723,1363081,Y ,2.0,2.0,41.0,84.59,765.22,7,0,0,1
724,1362767,Y ,2.0,5.0,92.0,290.54,1098.48,2,0,1,0
725,1363455,Y ,,,,5192.98,254.9,5,1,0,0
726,1362832,Y ,11.0,12.0,76.0,8500.0,,1,0,1,0
727,1362690,Y ,3.0,12.0,84.0,1200.0,111.34,7,1,0,0
728,1362568,Y ,3.0,10.0,86.0,0.0,386.2,1,1,0,0
729,1362657,Y ,2.0,14.0,63.0,0.0,,8,0,1,0
730,1363356,Y ,0.0,3.0,96.0,1000.0,148.06,9,1,0,0
731,1363040,Y ,,,,1900.0,37.27,1,1,0,0
732,1363197,Y ,2.0,3.0,94.0,645.09,347.2,2,0,1,0
733,1362658,Y ,2.0,4.0,20.0,0.0,238.62,4,0,0,1
734,1362588,Y ,0.0,5.0,94.0,1000.0,9.71,6,0,1,0
735,1363086,Y ,,,,130.9,1196.95,1,0,0,1
736,1362903,Y ,,,,1500.0,3704.8,3,0,0,1
737,1363364,Y ,4.0,8.0,87.0,1785.97,,7,0,1,0
738,1362933,Y ,1.0,4.0,94.0,899.08,17.18,5,1,0,0
739,1363469,Y ,0.0,4.0,95.0,,1701.12,2,0,1,0
740,1363169,N ,0.0,0.0,47.0,0.0,153.82,4,0,1,0
741,1363332,N ,,,,839.43,,3,1,0,0
742,1362920,Y ,0.0,2.0,41.0,0.0,739.98,0,0,0,1
743,1363203,Y ,20.0,8.0,71.0,,3216.39,6,0,1,0
744,1363223,Y ,5.0,10.0,84.0,586.29,2771.42,3,1,0,0
745,1363133,N ,0.0,4.0,37.0,0.0,1082.35,6,0,1,0
746,1363004,Y ,2.0,4.0,50.0,505.43,169.81,3,1,0,0
747,1362498,Y ,1.0,2.0,54.0,,2307.85,0,0,0,1
748,1362702,Y ,1.0,7.0,91.0,,12.53,9,0,1,0
749,1362631,Y ,3.0,7.0,75.0,575.0,533.3,4,0,1,0
750,1363253,N ,8.0,14.0,77.0,2000.0,1701.18,8,0,0,1
751,1363209,Y ,4.0,8.0,87.0,1600.0,1813.9,9,1,0,0
752,1363200,Y ,1.0,10.0,88.0,254.56,1357.19,3,0,1,0
753,1362563,Y ,2.0,7.0,90.0,1000.0,,3,1,0,0
754,1363083,Y ,2.0,7.0,90.0,969.94,6325.98,4,0,0,1
755,1363461,Y ,3.0,12.0,84.0,1610.7,,9,0,1,0
756,1363130,Y ,1.0,3.0,95.0,80.56,68.7,3,0,1,0
757,1362572,Y ,2.0,5.0,92.0,369.97,432.85,2,0,1,0
758,1362749,N ,3.0,10.0,86.0,3000.0,136.05,2,0,0,1
759,1363427,Y ,21.0,15.0,63.0,20.0,,6,0,1,0
760,1363317,Y ,0.0,7.0,66.0,307.6,186.53,8,0,0,1
761,1362735,Y ,3.0,9.0,87.0,3000.0,288.87,0,1,0,0
762,1363161,Y ,1.0,5.0,93.0,,,1,0,1,0
763,1362552,Y ,1.0,3.0,95.0,493.17,,3,0,1,0
764,1363142,Y ,10.0,15.0,74.0,1953.78,404.63,0,0,0,1
765,1362995,Y ,11.0,17.0,71.0,21.66,2978.58,9,0,1,0
766,1363017,Y ,2.0,8.0,89.0,1000.0,2901.35,1,0,1,0
767,1362650,Y ,,,,1000.0,149.2,0,0,0,1
768,1363408,Y ,6.0,14.0,79.0,1800.0,1056.1,5,0,0,1
769,1362636,Y ,1.0,8.0,90.0,1000.0,,9,0,1,0
770,1363438,Y ,4.0,3.0,92.0,684.3,95.3,2,1,0,0
771,1362990,Y ,4.0,11.0,84.0,1426.93,1113.07,1,0,0,1
772,1363018,Y ,11.0,16.0,72.0,2300.0,9387.66,4,0,0,1
773,1363101,Y ,,,,2054.32,6015.58,0,0,0,1
774,1363128,Y ,0.0,2.0,30.0,140.0,2211.69,4,0,0,1
775,1363201,Y ,1.0,1.0,15.0,1000.0,74.54,0,1,0,0
776,1362580,Y ,1.0,12.0,86.0,1500.0,163.39,6,0,1,0
777,1362966,Y ,3.0,2.0,94.0,1586.27,124.13,3,0,1,0
778,1362822,Y ,3.0,13.0,83.0,1000.0,523.43,1,0,0,1
779,1362711,Y ,1.0,4.0,94.0,,38.87,5,0,0,1
780,1363087,Y ,1.0,5.0,93.0,1000.0,,3,0,1,0
781,1362511,Y ,3.0,6.0,90.0,904.93,748.73,3,1,0,0
782,1362657,Y ,2.0,14.0,63.0,0.0,,8,1,0,0
783,1363206,Y ,,,,5490.45,,2,1,0,0
784,1362804,Y ,16.0,24.0,59.0,682.34,450.37,8,0,0,1
785,1362781,Y ,3.0,15.0,73.0,,2797.34,1,0,0,1
786,1362633,N ,3.0,8.0,88.0,1000.0,57.34,4,0,1,0
787,1363046,Y ,4.0,9.0,86.0,,561.55,1,0,0,1
788,1362548,Y ,9.0,18.0,72.0,68.68,254.02,9,0,1,0
789,1362740,Y ,3.0,3.0,71.0,1121.88,119.87,1,1,0,0
790,1362963,Y ,0.0,5.0,94.0,,,4,0,1,0
791,1362516,Y ,0.0,4.0,20.0,430.72,,3,1,0,0
792,1363262,Y ,4.0,18.0,77.0,,6027.35,4,0,0,1
793,1363403,Y ,10.0,15.0,74.0,1900.0,1590.22,2,0,0,1
794,1363364,N ,4.0,8.0,87.0,1785.97,,7,1,0,0
795,1363433,Y ,2.0,4.0,75.0,0.0,,5,1,0,0
796,1363133,Y ,0.0,4.0,37.0,0.0,1082.35,6,1,0,0
797,1363264,Y ,2.0,7.0,90.0,1000.0,369.44,1,0,0,1
798,1363405,Y ,0.0,10.0,89.0,,,2,0,1,0
799,1363022,Y ,1.0,1.0,13.0,604.65,140.0,1,1,0,0
800,1362693,Y ,4.0,1.0,94.0,1000.0,10.34,1,0,0,1
801,1362614,Y ,,,,,1534.73,6,0,0,1
802,1362631,Y ,3.0,7.0,75.0,575.0,533.3,4,1,0,0
803,1362586,Y ,1.0,4.0,94.0,3700.0,,6,1,0,0
804,1363400,Y ,13.0,18.0,68.0,2186.72,137.85,9,0,0,1
805,1362815,Y ,3.0,2.0,94.0,1000.0,348.98,2,1,0,0
806,1363037,Y ,9.0,13.0,77.0,1000.0,2054.92,8,0,0,1
807,1363399,Y ,2.0,2.0,95.0,0.0,,4,0,1,0
808,1363043,Y ,4.0,9.0,86.0,1000.0,1379.43,2,0,0,1
809,1362621,Y ,1.0,6.0,74.0,1000.0,1498.4,1,0,0,1
810,1362644,Y ,0.0,2.0,34.0,463.65,132.42,4,0,0,1
811,1362851,Y ,16.0,30.0,53.0,,,4,0,1,0
812,1362682,Y ,1.0,6.0,58.0,,243.79,2,0,0,1
813,1362765,Y ,6.0,11.0,82.0,999.18,1363.11,3,0,1,0
814,1363010,Y ,3.0,2.0,94.0,648.51,883.63,3,0,0,1
815,1362574,Y ,,,,1300.0,,1,1,0,0
816,1362911,Y ,6.0,10.0,83.0,67.61,,6,0,1,0
817,1362754,Y ,1.0,9.0,89.0,0.0,240.75,5,0,0,1
818,1363275,Y ,3.0,3.0,93.0,805.19,,7,0,1,0
819,1363391,Y ,2.0,3.0,94.0,,,0,0,1,0
820,1363270,Y ,1.0,10.0,88.0,,380.05,1,0,0,1
821,1362938,Y ,3.0,9.0,87.0,436.98,,1,1,0,0
822,1363461,Y ,3.0,12.0,84.0,1610.7,,9,1,0,0
823,1362510,Y ,2.0,6.0,87.0,,,9,0,1,0
824,1362572,Y ,2.0,5.0,92.0,369.97,432.85,2,1,0,0
825,1362549,Y ,,,,1000.0,1039.96,2,1,0,0
826,1363385,Y ,,,,0.0,1720.35,8,0,0,1
827,1363387,Y ,2.0,10.0,87.0,1000.0,110.52,5,0,0,1
828,1362594,Y ,30.0,22.0,47.0,0.0,6619.84,3,0,1,0
829,1363195,Y ,1.0,6.0,92.0,1000.0,764.77,2,0,1,0
830,1362752,Y ,7.0,11.0,75.0,0.0,609.33,3,0,0,1
831,1362997,Y ,0.0,2.0,64.0,420.0,201.95,2,1,0,0
832,1363427,N ,21.0,15.0,63.0,20.0,,6,1,0,0
833,1363258,Y ,0.0,1.0,51.0,,845.68,5,0,0,1
834,1362783,Y ,3.0,4.0,92.0,,699.58,9,0,0,1
835,1363088,Y ,3.0,7.0,89.0,739.86,1426.1,4,0,0,1
836,1362981,Y ,2.0,9.0,88.0,,,0,0,1,0
837,1362541,Y ,,,,2093.96,,3,1,0,0
838,1362995,N ,11.0,17.0,71.0,21.66,2978.58,9,1,0,0
839,1362609,Y ,1.0,5.0,93.0,3000.0,49.39,8,0,0,1
840,1362636,Y ,1.0,8.0,90.0,1000.0,,9,1,0,0
841,1362969,Y ,,,,3800.0,5792.74,8,1,0,0
842,1363481,Y ,0.0,4.0,95.0,,1606.92,6,0,1,0
843,1362746,Y ,2.0,1.0,96.0,1000.0,2946.92,5,0,0,1
844,1363107,N ,0.0,0.0,28.0,89.15,,1,0,1,0
845,1363314,Y ,1.0,9.0,89.0,366.31,,5,0,1,0
846,1362966,Y ,3.0,2.0,94.0,1586.27,124.13,3,1,0,0
847,1362546,Y ,3.0,5.0,91.0,1292.63,991.01,5,1,0,0
848,1363457,Y ,30.0,8.0,61.0,4626.88,3028.72,7,0,0,1
849,1363002,Y ,5.0,16.0,78.0,2684.46,,6,1,0,0
850,1362540,Y ,10.0,26.0,63.0,,,2,0,1,0
851,1363321,Y ,3.0,15.0,81.0,1133.39,1009.61,5,0,1,0
852,1363108,Y ,0.0,0.0,5.0,458.67,360.12,3,0,0,1
853,1362905,Y ,2.0,2.0,95.0,915.75,688.98,5,0,1,0
854,1362717,Y ,4.0,1.0,94.0,1000.0,186.79,1,0,1,0
855,1362930,Y ,,,,0.0,800.42,2,1,0,0
856,1362864,Y ,2.0,0.0,61.0,0.0,176.53,0,0,1,0
857,1362530,Y ,8.0,16.0,75.0,2000.0,900.52,7,0,0,1
858,1362939,Y ,7.0,12.0,80.0,772.03,1173.89,4,0,0,1
859,1363384,Y ,20.0,17.0,62.0,2231.29,3419.28,8,0,1,0
860,1362718,Y ,0.0,0.0,12.0,78.8,1918.23,1,0,0,1
861,1363015,Y ,1.0,9.0,89.0,,385.97,2,0,1,0
862,1362986,Y ,2.0,3.0,31.0,1932.1,434.43,0,0,1,0
863,1363353,Y ,5.0,22.0,72.0,1504.14,1663.95,6,1,0,0
864,1362623,Y ,0.0,2.0,52.0,,140.14,3,0,0,1
865,1362845,N ,,,,20.0,,2,1,0,0
866,1362853,Y ,7.0,11.0,81.0,1073.95,1025.23,0,0,1,0
867,1362722,Y ,13.0,24.0,62.0,1469.22,261.18,0,1,0,0
868,1363035,Y ,2.0,4.0,93.0,0.0,756.72,0,0,0,1
869,1362713,Y ,0.0,2.0,30.0,,468.2,0,0,0,1
870,1362974,Y ,1.0,3.0,52.0,271.87,,8,0,1,0
871,1362961,Y ,1.0,3.0,95.0,1000.0,,3,1,0,0
872,1363474,Y ,2.0,8.0,89.0,702.74,4622.61,5,0,1,0
873,1362638,Y ,0.0,4.0,53.0,,,0,0,1,0
874,1363393,Y ,2.0,2.0,95.0,1000.0,,1,0,1,0
875,1362675,Y ,0.0,0.0,43.0,911.38,274.78,3,1,0,0
876,1362925,Y ,,,,602.03,1770.46,4,1,0,0
877,1363326,Y ,11.0,4.0,34.0,0.0,578.09,0,0,1,0
878,1362954,Y ,6.0,23.0,70.0,1226.12,,0,0,1,0
879,1363255,Y ,2.0,5.0,92.0,,,1,0,1,0
880,1363449,Y ,2.0,15.0,82.0,636.53,,4,0,1,0
881,1362968,Y ,4.0,4.0,91.0,,510.19,8,0,1,0
882,1362525,Y ,1.0,4.0,94.0,1051.01,313.46,7,0,0,1
883,1363236,Y ,2.0,11.0,86.0,1555.34,1067.7,4,0,1,0
884,1363399,Y ,2.0,2.0,95.0,0.0,,4,1,0,0
885,1363080,Y ,,,,,691.59,5,0,0,1
886,1363382,Y ,4.0,7.0,88.0,1000.0,272.05,1,0,1,0
887,1362552,Y ,1.0,3.0,95.0,493.17,,3,1,0,0
888,1362642,Y ,0.0,2.0,97.0,1000.0,91.21,2,0,0,1
889,1363291,Y ,6.0,20.0,73.0,5014.14,653.58,0,0,0,1
890,1362955,Y ,,,,,627.76,0,0,0,1
891,1363347,Y ,,,,,512.64,0,0,0,1
892,1363284,Y ,5.0,11.0,83.0,965.92,860.93,5,0,0,1
893,1362489,Y ,7.0,12.0,80.0,20.0,373.65,5,0,1,0
894,1362936,Y ,0.0,7.0,92.0,244.47,792.11,2,0,0,1
895,1362697,Y ,2.0,5.0,92.0,0.0,596.47,3,0,1,0
896,1363370,Y ,,,,746.6,149.17,2,1,0,0
897,1363138,Y ,1.0,4.0,94.0,914.08,1293.45,2,1,0,0
898,1362592,Y ,15.0,10.0,74.0,310.1,,3,0,1,0
899,1363416,Y ,0.0,7.0,91.0,,,1,0,1,0
900,1362743,Y ,4.0,4.0,91.0,3000.0,2885.15,0,0,0,1
901,1362767,Y ,2.0,5.0,92.0,290.54,1098.48,2,1,0,0
902,1362765,Y ,6.0,11.0,82.0,999.18,1363.11,3,1,0,0
903,1362698,N ,17.0,19.0,63.0,2500.0,3110.27,5,0,0,1
904,1362941,Y ,1.0,3.0,95.0,,877.14,6,0,1,0
905,1362832,Y ,11.0,12.0,76.0,8500.0,,1,1,0,0
906,1363195,Y ,1.0,6.0,92.0,1000.0,764.77,2,1,0,0
907,1363334,Y ,1.0,5.0,93.0,,478.96,2,0,0,1
908,1363257,Y ,,,,2275.24,1209.67,4,1,0,0
909,1363296,Y ,3.0,6.0,90.0,1001.67,2505.34,4,0,0,1
910,1363323,Y ,22.0,27.0,50.0,1953.27,,9,0,1,0
911,1363229,Y ,,,,1143.13,536.08,4,0,0,1
912,1363233,Y ,7.0,19.0,73.0,,161.69,2,0,1,0
913,1363197,Y ,2.0,3.0,94.0,645.09,347.2,2,1,0,0
914,1363413,Y ,0.0,2.0,97.0,,,0,0,1,0
915,1362588,Y ,0.0,5.0,94.0,1000.0,9.71,6,1,0,0
916,1363059,Y ,3.0,10.0,86.0,1200.0,,0,0,1,0
917,1362630,Y ,7.0,7.0,85.0,962.62,,6,0,1,0
918,1363314,Y ,1.0,9.0,89.0,366.31,,5,1,0,0
919,1362949,Y ,3.0,6.0,90.0,3000.0,389.24,1,0,1,0
920,1362817,Y ,0.0,9.0,90.0,1000.0,754.8,8,0,0,1
921,1363301,Y ,9.0,17.0,73.0,,417.32,0,0,1,0
922,1363342,Y ,3.0,12.0,84.0,1600.0,57.96,3,0,1,0
923,1362486,Y ,0.0,1.0,24.0,,116.24,6,0,1,0
924,1363321,Y ,3.0,15.0,81.0,1133.39,1009.61,5,1,0,0
925,1363169,Y ,0.0,0.0,47.0,0.0,153.82,4,1,0,0
926,1362905,Y ,2.0,2.0,95.0,915.75,688.98,5,1,0,0
927,1363344,Y ,1.0,5.0,93.0,1000.0,253.92,6,0,1,0
928,1363452,Y ,1.0,7.0,91.0,,1874.79,0,0,1,0
929,1363454,Y ,3.0,8.0,88.0,1336.4,782.26,5,0,1,0
930,1362505,N ,2.0,1.0,96.0,,205.68,3,0,0,1
931,1363200,Y ,1.0,10.0,88.0,254.56,1357.19,3,1,0,0
932,1363483,Y ,0.0,6.0,93.0,1000.0,,6,0,1,0
933,1363130,Y ,1.0,3.0,95.0,80.56,68.7,3,1,0,0
934,1363071,Y ,4.0,8.0,87.0,298.42,1083.77,2,0,1,0
935,1363455,Y ,,,,5192.98,254.9,5,0,0,1
936,1363384,Y ,20.0,17.0,62.0,2231.29,3419.28,8,1,0,0
937,1362858,Y ,15.0,13.0,71.0,708.2,592.84,1,0,1,0
938,1362607,Y ,2.0,7.0,90.0,903.36,,4,0,1,0
939,1362690,N ,3.0,12.0,84.0,1200.0,111.34,7,0,0,1
940,1362887,N ,24.0,11.0,64.0,,4262.93,6,0,0,1
941,1363040,Y ,,,,1900.0,37.27,1,0,0,1
942,1363351,N ,,,,,213.81,7,0,0,1
943,1362715,Y ,0.0,6.0,93.0,933.22,195.07,6,0,1,0
944,1363154,Y ,1.0,4.0,94.0,,,8,0,1,0
945,1363306,Y ,1.0,4.0,94.0,137.4,1193.26,6,0,1,0
946,1363326,Y ,11.0,4.0,34.0,0.0,578.09,0,1,0,0
947,1363441,Y ,0.0,3.0,96.0,32.33,581.29,9,0,1,0
948,1363236,Y ,2.0,11.0,86.0,1555.34,1067.7,4,1,0,0
949,1363017,Y ,2.0,8.0,89.0,1000.0,2901.35,1,1,0,0
950,1362568,Y ,3.0,10.0,86.0,0.0,386.2,1,0,0,1
951,1363127,Y ,,,,305.79,124.01,1,1,0,0
952,1363076,Y ,6.0,20.0,73.0,770.56,,3,0,1,0
953,1363168,Y ,38.0,14.0,47.0,,2333.47,1,0,1,0
954,1363356,Y ,0.0,3.0,96.0,1000.0,148.06,9,0,0,1
955,1363398,Y ,4.0,10.0,85.0,1000.0,,0,0,1,0
956,1363141,Y ,0.0,8.0,91.0,,528.57,1,0,1,0
957,1362580,Y ,1.0,12.0,86.0,1500.0,163.39,6,1,0,0
958,1362489,N ,7.0,12.0,80.0,20.0,373.65,5,1,0,0
959,1363087,Y ,1.0,5.0,93.0,1000.0,,3,1,0,0
960,1362697,Y ,2.0,5.0,92.0,0.0,596.47,3,1,0,0
961,1362633,Y ,3.0,8.0,88.0,1000.0,57.34,4,1,0,0
962,1362933,Y ,1.0,4.0,94.0,899.08,17.18,5,0,0,1
963,1363209,N ,4.0,8.0,87.0,1600.0,1813.9,9,0,0,1
964,1363303,Y ,2.0,11.0,86.0,1000.0,,3,0,1,0
965,1362548,Y ,9.0,18.0,72.0,68.68,254.02,9,1,0,0
966,1363486,Y ,,,,0.0,,1,1,0,0
967,1362734,N ,0.0,0.0,4.0,,438.53,5,0,1,0
968,1363223,Y ,5.0,10.0,84.0,586.29,2771.42,3,0,0,1
969,1362625,N ,0.0,3.0,20.0,735.29,,7,0,1,0
970,1363004,Y ,2.0,4.0,50.0,505.43,169.81,3,0,0,1
971,1362850,Y ,0.0,4.0,48.0,37.88,120.25,6,0,1,0
972,1362619,Y ,6.0,15.0,78.0,0.0,1133.1,2,0,1,0
973,1362952,Y ,2.0,5.0,58.0,782.77,232.76,3,0,1,0
974,1362488,Y ,0.0,6.0,93.0,,,7,0,1,0
975,1362735,Y ,3.0,9.0,87.0,3000.0,288.87,0,0,0,1
976,1362630,N ,7.0,7.0,85.0,962.62,,6,1,0,0
977,1363092,Y ,3.0,4.0,92.0,,397.29,0,0,0,1
978,1362960,Y ,,,,8600.0,6273.27,9,1,0,0
979,1363371,Y ,0.0,6.0,93.0,,87.77,4,0,0,1
980,1363261,Y ,6.0,5.0,88.0,1000.0,289.89,6,0,1,0
981,1363201,Y ,1.0,1.0,15.0,1000.0,74.54,0,0,0,1
982,1362611,Y ,0.0,0.0,2.0,133.87,,8,0,1,0
983,1362535,Y ,,,,0.0,,5,1,0,0
984,1363344,Y ,1.0,5.0,93.0,1000.0,253.92,6,1,0,0
985,1362589,Y ,,,,,833.68,4,0,0,1
986,1362759,Y ,2.0,7.0,90.0,835.19,79.52,9,0,1,0
987,1363328,Y ,3.0,5.0,51.0,538.93,1308.55,1,0,1,0
988,1363454,Y ,3.0,8.0,88.0,1336.4,782.26,5,1,0,0
989,1363390,Y ,4.0,3.0,92.0,1860.67,740.57,0,0,1,0
990,1363438,Y ,4.0,3.0,92.0,684.3,95.3,2,0,0,1
991,1362911,N ,6.0,10.0,83.0,67.61,,6,1,0,0
992,1363227,Y ,0.0,13.0,86.0,588.15,,0,0,1,0
993,1363275,Y ,3.0,3.0,93.0,805.19,,7,1,0,0
994,1362980,Y ,0.0,3.0,96.0,512.73,310.32,3,0,1,0
995,1362511,Y ,3.0,6.0,90.0,904.93,748.73,3,0,0,1
996,1362858,Y ,15.0,13.0,71.0,708.2,592.84,1,1,0,0
997,1362896,N ,14.0,19.0,66.0,,,2,0,1,0
998,1363266,Y ,0.0,2.0,97.0,994.65,,2,0,1,0
999,1362594,N ,30.0,22.0,47.0,0.0,6619.84,3,1,0,0
1000,1362715,Y ,0.0,6.0,93.0,933.22,195.07,6,1,0,0
1001,1362918,Y ,2.0,3.0,94.0,1000.0,270.7,1,0,1,0
1002,1363306,Y ,1.0,4.0,94.0,137.4,1193.26,6,1,0,0
1003,1363376,Y ,,,,,1345.44,5,0,0,1
1004,1363441,Y ,0.0,3.0,96.0,32.33,581.29,9,1,0,0
1005,1362829,Y ,9.0,8.0,82.0,2033.41,2510.16,3,0,1,0
1006,1362948,Y ,3.0,15.0,81.0,813.51,,9,0,1,0
1007,1363468,Y ,,,,5500.0,927.28,2,1,0,0
1008,1363398,Y ,4.0,10.0,85.0,1000.0,,0,1,0,0
1009,1362740,N ,3.0,3.0,71.0,1121.88,119.87,1,0,0,1
1010,1362776,Y ,1.0,14.0,84.0,,,3,0,1,0
1011,1363107,Y ,0.0,0.0,28.0,89.15,,1,1,0,0
1012,1362480,Y ,7.0,8.0,84.0,20.0,1187.97,3,0,1,0
1013,1363297,Y ,0.0,7.0,92.0,67.82,,6,0,1,0
1014,1363469,Y ,0.0,4.0,95.0,,1701.12,2,0,0,1
1015,1362717,Y ,4.0,1.0,94.0,1000.0,186.79,1,1,0,0
1016,1362882,Y ,10.0,14.0,67.0,33.52,,9,0,1,0
1017,1362814,Y ,2.0,7.0,90.0,1000.0,,1,0,1,0
1018,1363203,Y ,20.0,8.0,71.0,,3216.39,6,0,0,1
1019,1362864,Y ,2.0,0.0,61.0,0.0,176.53,0,1,0,0
1020,1363133,Y ,0.0,4.0,37.0,0.0,1082.35,6,0,0,1
1021,1362821,Y ,2.0,2.0,49.0,0.0,,3,0,1,0
1022,1362631,Y ,3.0,7.0,75.0,575.0,533.3,4,0,0,1
1023,1362986,Y ,2.0,3.0,31.0,1932.1,434.43,0,1,0,0
1024,1362972,Y ,,,,711.32,680.94,5,1,0,0
1025,1363022,Y ,1.0,1.0,13.0,604.65,140.0,1,0,0,1
1026,1362625,Y ,0.0,3.0,20.0,735.29,,7,1,0,0
1027,1362815,Y ,3.0,2.0,94.0,1000.0,348.98,2,0,0,1
1028,1362850,Y ,0.0,4.0,48.0,37.88,120.25,6,1,0,0
1029,1362663,Y ,3.0,4.0,92.0,4400.0,,4,0,1,0
1030,1362572,Y ,2.0,5.0,92.0,369.97,432.85,2,0,0,1
1031,1362853,Y ,7.0,11.0,81.0,1073.95,1025.23,0,1,0,0
1032,1362952,Y ,2.0,5.0,58.0,782.77,232.76,3,1,0,0
1033,1363230,Y ,2.0,5.0,92.0,,,3,0,1,0
1034,1362995,Y ,11.0,17.0,71.0,21.66,2978.58,9,0,0,1
1035,1362605,Y ,1.0,2.0,81.0,1000.0,611.94,4,0,1,0
1036,1363377,Y ,2.0,2.0,95.0,844.08,1782.06,3,0,1,0
1037,1363312,Y ,,,,4400.0,,0,1,0,0
1038,1362898,Y ,2.0,2.0,95.0,,,1,0,1,0
1039,1362974,Y ,1.0,3.0,52.0,271.87,,8,1,0,0
1040,1362966,Y ,3.0,2.0,94.0,1586.27,124.13,3,0,0,1
1041,1362937,Y ,7.0,11.0,81.0,0.0,,2,0,1,0
1042,1363328,Y ,3.0,5.0,51.0,538.93,1308.55,1,1,0,0
1043,1363474,Y ,2.0,8.0,89.0,702.74,4622.61,5,1,0,0
1044,1363160,Y ,,,,286.69,122.54,8,1,0,0
1045,1362949,Y ,3.0,6.0,90.0,3000.0,389.24,1,1,0,0
1046,1363390,Y ,4.0,3.0,92.0,1860.67,740.57,0,1,0,0
1047,1362565,Y ,7.0,14.0,78.0,1358.19,941.16,9,0,1,0
1048,1363466,Y ,,,,,1100.9,7,0,0,1
1049,1363393,Y ,2.0,2.0,95.0,1000.0,,1,1,0,0
1050,1363078,Y ,1.0,9.0,89.0,1147.07,596.38,6,0,1,0
1051,1362954,Y ,6.0,23.0,70.0,1226.12,,0,1,0,0
1052,1362918,Y ,2.0,3.0,94.0,1000.0,270.7,1,1,0,0
1053,1362661,Y ,,,,1000.0,2226.62,5,1,0,0
1054,1362829,Y ,9.0,8.0,82.0,2033.41,2510.16,3,1,0,0
1055,1363410,Y ,1.0,5.0,53.0,0.0,895.56,1,0,1,0
1056,1363297,Y ,0.0,7.0,92.0,67.82,,6,1,0,0
1057,1362549,Y ,,,,1000.0,1039.96,2,0,0,1
1058,1362587,Y ,2.0,8.0,89.0,859.44,1596.17,6,0,1,0
1059,1363067,Y ,2.0,2.0,95.0,,288.33,2,0,0,1
1060,1362924,Y ,0.0,8.0,72.0,1000.0,5287.76,4,0,1,0
1061,1363449,Y ,2.0,15.0,82.0,636.53,,4,1,0,0
1062,1362814,Y ,2.0,7.0,90.0,1000.0,,1,1,0,0
1063,1363382,Y ,4.0,7.0,88.0,1000.0,272.05,1,1,0,0
1064,1362821,Y ,2.0,2.0,49.0,0.0,,3,1,0,0
1065,1363308,Y ,0.0,0.0,13.0,498.06,1585.57,1,0,1,0
1066,1363331,Y ,9.0,19.0,71.0,2264.61,743.04,5,0,1,0
1067,1363183,Y ,14.0,25.0,60.0,,,9,0,1,0
1068,1362925,Y ,,,,602.03,1770.46,4,0,0,1
1069,1363228,Y ,5.0,14.0,80.0,,1538.46,1,0,0,1
1070,1362663,Y ,3.0,4.0,92.0,4400.0,,4,1,0,0
1071,1363295,N ,0.0,2.0,53.0,1000.0,222.18,6,0,1,0
1072,1363219,Y ,2.0,7.0,90.0,1000.0,,6,0,1,0
1073,1363290,Y ,,,,,2594.47,0,0,0,1
1074,1362992,Y ,1.0,3.0,95.0,,,0,0,1,0
1075,1363480,Y ,0.0,5.0,94.0,,,1,0,1,0
1076,1363370,Y ,,,,746.6,149.17,2,0,0,1
1077,1362592,N ,15.0,10.0,74.0,310.1,,3,1,0,0
1078,1362605,Y ,1.0,2.0,81.0,1000.0,611.94,4,1,0,0
1079,1362771,Y ,1.0,7.0,91.0,1200.0,2361.62,2,0,1,0
1080,1363492,Y ,16.0,3.0,80.0,6869.0,1116.1,4,0,1,0
1081,1362997,Y ,0.0,2.0,64.0,420.0,201.95,2,0,0,1
1082,1363070,Y ,0.0,1.0,18.0,774.22,844.28,1,0,1,0
1083,1362809,Y ,1.0,9.0,89.0,0.0,274.83,6,0,1,0
1084,1362937,N ,7.0,11.0,81.0,0.0,,2,1,0,0
1085,1363448,N ,4.0,12.0,83.0,1400.0,1763.31,7,0,1,0
1086,1362765,N ,6.0,11.0,82.0,999.18,1363.11,3,0,0,1
1087,1362686,Y ,1.0,5.0,93.0,99.9,162.53,0,0,1,0
1088,1363336,Y ,8.0,14.0,77.0,,126.05,2,0,1,0
1089,1362969,Y ,,,,3800.0,5792.74,8,0,0,1
1090,1362537,Y ,,,,,1603.69,5,0,0,1
1091,1362546,Y ,3.0,5.0,91.0,1292.63,991.01,5,0,0,1
1092,1363268,N ,1.0,8.0,90.0,1800.0,180.08,6,0,1,0
1093,1362801,Y ,1.0,4.0,84.0,45.23,,3,0,1,0
1094,1363308,N ,0.0,0.0,13.0,498.06,1585.57,1,1,0,0
1095,1362497,Y ,,,,,10.86,6,0,0,1
1096,1363195,Y ,1.0,6.0,92.0,1000.0,764.77,2,0,0,1
1097,1363323,Y ,22.0,27.0,50.0,1953.27,,9,1,0,0
1098,1363295,Y ,0.0,2.0,53.0,1000.0,222.18,6,1,0,0
1099,1362844,Y ,1.0,8.0,90.0,584.13,1493.41,2,0,1,0
1100,1363257,Y ,,,,2275.24,1209.67,4,0,0,1
1101,1362930,Y ,,,,0.0,800.42,2,0,0,1
1102,1363140,Y ,1.0,4.0,56.0,1000.0,896.45,4,0,1,0
1103,1363435,Y ,6.0,6.0,87.0,643.34,,8,0,1,0
1104,1362771,Y ,1.0,7.0,91.0,1200.0,2361.62,2,1,0,0
1105,1363073,Y ,3.0,11.0,85.0,,,8,0,1,0
1106,1363216,Y ,2.0,8.0,89.0,1000.0,105.54,3,0,1,0
1107,1362674,Y ,1.0,9.0,89.0,,8.21,1,0,1,0
1108,1362809,Y ,1.0,9.0,89.0,0.0,274.83,6,1,0,0
1109,1363353,N ,5.0,22.0,72.0,1504.14,1663.95,6,0,0,1
1110,1362820,Y ,47.0,10.0,42.0,4231.59,,5,0,1,0
1111,1362722,Y ,13.0,24.0,62.0,1469.22,261.18,0,0,0,1
1112,1362758,Y ,2.0,11.0,86.0,,,3,0,1,0
1113,1362649,Y ,0.0,7.0,92.0,1000.0,,7,0,1,0
1114,1363448,Y ,4.0,12.0,83.0,1400.0,1763.31,7,1,0,0
1115,1362513,Y ,1.0,1.0,36.0,,352.05,2,0,0,1
1116,1362686,Y ,1.0,5.0,93.0,99.9,162.53,0,1,0,0
1117,1362675,Y ,0.0,0.0,43.0,911.38,274.78,3,0,0,1
1118,1362904,Y ,1.0,8.0,90.0,679.69,201.9,9,0,1,0
1119,1362806,Y ,9.0,18.0,72.0,1541.64,284.58,3,0,1,0
1120,1362801,Y ,1.0,4.0,84.0,45.23,,3,1,0,0
1121,1363059,Y ,3.0,10.0,86.0,1200.0,,0,1,0,0
1122,1362844,Y ,1.0,8.0,90.0,584.13,1493.41,2,1,0,0
1123,1363342,Y ,3.0,12.0,84.0,1600.0,57.96,3,1,0,0
1124,1363321,Y ,3.0,15.0,81.0,1133.39,1009.61,5,0,0,1
1125,1363483,Y ,0.0,6.0,93.0,1000.0,,6,1,0,0
1126,1362905,Y ,2.0,2.0,95.0,915.75,688.98,5,0,0,1
1127,1363495,Y ,3.0,5.0,91.0,,2783.16,3,0,0,1
1128,1363435,Y ,6.0,6.0,87.0,643.34,,8,1,0,0
1129,1363071,Y ,4.0,8.0,87.0,298.42,1083.77,2,1,0,0
1130,1362808,N ,10.0,13.0,76.0,1600.0,,2,0,1,0
1131,1362607,Y ,2.0,7.0,90.0,903.36,,4,1,0,0
1132,1363384,Y ,20.0,17.0,62.0,2231.29,3419.28,8,0,0,1
1133,1362641,Y ,1.0,2.0,49.0,172.99,141.92,7,0,1,0
1134,1363254,N ,3.0,5.0,85.0,31.04,2019.49,4,0,1,0
1135,1363208,Y ,3.0,2.0,94.0,,1094.05,0,0,0,1
1136,1363084,Y ,5.0,20.0,74.0,1700.0,,2,0,1,0
1137,1363138,Y ,1.0,4.0,94.0,914.08,1293.45,2,0,0,1
1138,1362649,Y ,0.0,7.0,92.0,1000.0,,7,1,0,0
1139,1362767,Y ,2.0,5.0,92.0,290.54,1098.48,2,0,0,1
1140,1362967,Y ,4.0,9.0,86.0,,,4,0,1,0
1141,1362823,Y ,2.0,2.0,38.0,98.04,491.88,8,0,1,0
1142,1362806,Y ,9.0,18.0,72.0,1541.64,284.58,3,1,0,0
1143,1363058,Y ,2.0,3.0,94.0,,,7,0,1,0
1144,1363326,Y ,11.0,4.0,34.0,0.0,578.09,0,0,0,1
1145,1362879,Y ,,,,,856.61,7,0,0,1
1146,1362968,Y ,4.0,4.0,91.0,,510.19,8,0,0,1
1147,1363076,Y ,6.0,20.0,73.0,770.56,,3,1,0,0
1148,1363192,Y ,1.0,3.0,95.0,1000.0,,4,0,1,0
1149,1363197,Y ,2.0,3.0,94.0,645.09,347.2,2,0,0,1
1150,1363236,Y ,2.0,11.0,86.0,1555.34,1067.7,4,0,0,1
1151,1363056,Y ,,,,821.42,,1,1,0,0
1152,1362680,Y ,2.0,5.0,92.0,1000.0,,3,0,1,0
1153,1362588,Y ,0.0,5.0,94.0,1000.0,9.71,6,0,0,1
1154,1362770,Y ,14.0,8.0,77.0,20.0,,2,0,1,0
1155,1363303,Y ,2.0,11.0,86.0,1000.0,,3,1,0,0
1156,1362489,Y ,7.0,12.0,80.0,20.0,373.65,5,0,0,1
1157,1363169,Y ,0.0,0.0,47.0,0.0,153.82,4,0,0,1
1158,1362697,Y ,2.0,5.0,92.0,0.0,596.47,3,0,0,1
1159,1363146,Y ,,,,0.0,,4,1,0,0
1160,1362641,Y ,1.0,2.0,49.0,172.99,141.92,7,1,0,0
1161,1362672,Y ,3.0,2.0,62.0,226.57,,0,0,1,0
1162,1362791,Y ,1.0,12.0,86.0,157.42,492.11,1,0,1,0
1163,1362619,Y ,6.0,15.0,78.0,0.0,1133.1,2,1,0,0
1164,1362823,N ,2.0,2.0,38.0,98.04,491.88,8,1,0,0
1165,1362764,Y ,1.0,9.0,89.0,,,7,0,1,0
1166,1363009,Y ,17.0,5.0,23.0,,,3,0,1,0
1167,1362702,Y ,1.0,7.0,91.0,,12.53,9,0,0,1
1168,1362902,Y ,3.0,8.0,88.0,346.97,1554.71,5,0,1,0
1169,1362652,Y ,0.0,3.0,96.0,,,1,0,1,0
1170,1362796,Y ,0.0,0.0,12.0,,1087.47,9,0,1,0
1171,1363375,Y ,1.0,4.0,94.0,,,2,0,1,0
1172,1363402,Y ,4.0,10.0,85.0,1200.0,,3,0,1,0
1173,1363205,N ,0.0,3.0,13.0,684.12,1240.58,2,0,1,0
1174,1362524,Y ,,,,,619.05,7,0,0,1
1175,1363200,Y ,1.0,10.0,88.0,254.56,1357.19,3,0,0,1
1176,1363012,Y ,19.0,12.0,68.0,,481.77,2,0,1,0
1177,1363130,Y ,1.0,3.0,95.0,80.56,68.7,3,0,0,1
1178,1362960,Y ,,,,8600.0,6273.27,9,0,0,1
1179,1363113,Y ,,,,660.4,1241.78,1,1,0,0
1180,1363263,Y ,,,,1218.94,,0,1,0,0
1181,1363261,Y ,6.0,5.0,88.0,1000.0,289.89,6,1,0,0
1182,1362949,Y ,3.0,6.0,90.0,3000.0,389.24,1,0,0,1
1183,1362753,Y ,0.0,0.0,65.0,3000.0,,8,0,1,0
1184,1363301,Y ,9.0,17.0,73.0,,417.32,0,0,0,1
1185,1362565,Y ,7.0,14.0,78.0,1358.19,941.16,9,1,0,0
1186,1362486,Y ,0.0,1.0,24.0,,116.24,6,0,0,1
1187,1362611,Y ,0.0,0.0,2.0,133.87,,8,1,0,0
1188,1362613,Y ,,,,1000.0,338.98,7,1,0,0
1189,1363410,Y ,1.0,5.0,53.0,0.0,895.56,1,1,0,0
1190,1363465,Y ,3.0,3.0,57.0,,590.92,1,0,1,0
1191,1363017,N ,2.0,8.0,89.0,1000.0,2901.35,1,0,0,1
1192,1362877,Y ,2.0,3.0,94.0,80.0,629.45,2,0,1,0
1193,1362759,Y ,2.0,7.0,90.0,835.19,79.52,9,1,0,0
1194,1363344,Y ,1.0,5.0,93.0,1000.0,253.92,6,0,0,1
1195,1363127,Y ,,,,305.79,124.01,1,0,0,1
1196,1362672,Y ,3.0,2.0,62.0,226.57,,0,1,0,0
1197,1363227,Y ,0.0,13.0,86.0,588.15,,0,1,0,0
1198,1363093,Y ,4.0,8.0,87.0,1000.0,86.31,9,0,1,0
1199,1362980,Y ,0.0,3.0,96.0,512.73,310.32,3,1,0,0
1200,1363454,Y ,3.0,8.0,88.0,1336.4,782.26,5,0,0,1
1201,1362585,Y ,2.0,8.0,89.0,,,9,0,1,0
1202,1362694,Y ,2.0,16.0,81.0,1360.3,,6,0,1,0
1203,1362580,Y ,1.0,12.0,86.0,1500.0,163.39,6,0,0,1
1204,1363205,Y ,0.0,3.0,13.0,684.12,1240.58,2,1,0,0
1205,1362492,Y ,15.0,20.0,64.0,2000.0,,0,0,1,0
1206,1362683,Y ,,,,5359.08,,4,1,0,0
1207,1363266,Y ,0.0,2.0,97.0,994.65,,2,1,0,0
1208,1362858,Y ,15.0,13.0,71.0,708.2,592.84,1,0,0,1
1209,1362948,Y ,3.0,15.0,81.0,813.51,,9,1,0,0
1210,1362715,Y ,0.0,6.0,93.0,933.22,195.07,6,0,0,1
1211,1362633,Y ,3.0,8.0,88.0,1000.0,57.34,4,0,0,1
1212,1363306,Y ,1.0,4.0,94.0,137.4,1193.26,6,0,0,1
1213,1363286,Y ,3.0,10.0,86.0,,1289.52,4,0,1,0
1214,1362784,Y ,20.0,14.0,65.0,2764.67,,3,0,1,0
1215,1362548,Y ,9.0,18.0,72.0,68.68,254.02,9,0,0,1
1216,1362839,Y ,14.0,15.0,70.0,3783.62,3420.03,3,0,1,0
1217,1362480,N ,7.0,8.0,84.0,20.0,1187.97,3,1,0,0
1218,1362753,Y ,0.0,0.0,65.0,3000.0,,8,1,0,0
1219,1362919,Y ,,,,,318.66,3,0,0,1
1220,1363006,Y ,4.0,5.0,90.0,1628.72,245.66,1,0,1,0
1221,1363404,Y ,1.0,5.0,93.0,,550.73,2,0,1,0
1222,1363441,N ,0.0,3.0,96.0,32.33,581.29,9,0,0,1
1223,1362882,Y ,10.0,14.0,67.0,33.52,,9,1,0,0
1224,1363167,Y ,10.0,19.0,70.0,,1296.4,8,0,1,0
1225,1362637,Y ,1.0,3.0,95.0,1200.0,44.79,5,0,1,0
1226,1362551,Y ,4.0,8.0,67.0,,,6,0,1,0
1227,1363015,Y ,1.0,9.0,89.0,,385.97,2,0,0,1
1228,1363218,Y ,1.0,9.0,89.0,1100.0,,6,0,1,0
1229,1362643,Y ,0.0,5.0,50.0,559.57,494.84,3,0,1,0
1230,1363168,Y ,38.0,14.0,47.0,,2333.47,1,0,0,1
1231,1363249,Y ,21.0,7.0,71.0,3082.05,,2,0,1,0
1232,1362785,Y ,,,,,337.9,2,0,0,1
1233,1363053,Y ,,,,918.09,,0,1,0,0
1234,1362726,Y ,2.0,2.0,95.0,918.66,,3,0,1,0
1235,1362594,Y ,30.0,22.0,47.0,0.0,6619.84,3,0,0,1
1236,1362492,Y ,15.0,20.0,64.0,2000.0,,0,1,0,0
1237,1363467,Y ,1.0,18.0,80.0,1500.0,,4,0,1,0
1238,1363288,Y ,7.0,9.0,83.0,1980.9,244.85,5,0,1,0
1239,1363026,Y ,12.0,13.0,74.0,2500.0,,4,0,1,0
1240,1362831,N ,2.0,1.0,16.0,5600.0,,2,0,1,0
1241,1363468,Y ,,,,5500.0,927.28,2,0,0,1
1242,1362899,Y ,,,,,1823.77,3,0,0,1
1243,1363377,Y ,2.0,2.0,95.0,844.08,1782.06,3,1,0,0
1244,1362875,Y ,1.0,7.0,91.0,3000.0,449.66,8,0,1,0
1245,1363481,Y ,0.0,4.0,95.0,,1606.92,6,0,0,1
1246,1362972,Y ,,,,711.32,680.94,5,0,0,1
1247,1363207,Y ,,,,777.0,,3,1,0,0
1248,1362734,N ,0.0,0.0,4.0,,438.53,5,0,0,1
1249,1362940,Y ,,,,41.22,778.84,2,1,0,0
1250,1362855,Y ,1.0,8.0,90.0,,161.04,4,0,1,0
1251,1363241,Y ,2.0,9.0,88.0,1352.7,1649.8,6,0,1,0
1252,1363422,N ,,,,20.0,14.34,9,1,0,0
1253,1363047,N ,,,,,417.52,3,0,0,1
1254,1362850,Y ,0.0,4.0,48.0,37.88,120.25,6,0,0,1
1255,1362717,Y ,4.0,1.0,94.0,1000.0,186.79,1,0,0,1
1256,1362709,Y ,0.0,7.0,92.0,496.15,917.33,4,0,1,0
1257,1363078,Y ,1.0,9.0,89.0,1147.07,596.38,6,1,0,0
1258,1362952,N ,2.0,5.0,58.0,782.77,232.76,3,0,0,1
1259,1362864,Y ,2.0,0.0,61.0,0.0,176.53,0,0,0,1
1260,1362891,Y ,,,,,1743.57,7,0,0,1
1261,1362986,Y ,2.0,3.0,31.0,1932.1,434.43,0,0,0,1
1262,1363165,Y ,2.0,8.0,89.0,429.34,57.08,7,0,1,0
1263,1363333,Y ,0.0,4.0,95.0,,1896.2,4,0,1,0
1264,1362637,Y ,1.0,3.0,95.0,1200.0,44.79,5,1,0,0
1265,1362669,Y ,,,,,1693.81,5,0,0,1
1266,1363210,Y ,3.0,6.0,90.0,889.68,52.26,0,0,1,0
1267,1362853,Y ,7.0,11.0,81.0,1073.95,1025.23,0,0,0,1
1268,1363328,Y ,3.0,5.0,51.0,538.93,1308.55,1,0,0,1
1269,1362587,Y ,2.0,8.0,89.0,859.44,1596.17,6,1,0,0
1270,1363160,Y ,,,,286.69,122.54,8,0,0,1
1271,1362924,Y ,0.0,8.0,72.0,1000.0,5287.76,4,1,0,0
1272,1363395,Y ,2.0,6.0,91.0,730.0,136.18,8,0,1,0
1273,1363474,Y ,2.0,8.0,89.0,702.74,4622.61,5,0,0,1
1274,1362643,N ,0.0,5.0,50.0,559.57,494.84,3,1,0,0
1275,1363331,Y ,9.0,19.0,71.0,2264.61,743.04,5,1,0,0
1276,1363249,Y ,21.0,7.0,71.0,3082.05,,2,1,0,0
1277,1363272,Y ,3.0,4.0,92.0,1016.12,711.81,0,0,1,0
1278,1363390,Y ,4.0,3.0,92.0,1860.67,740.57,0,0,0,1
1279,1362579,Y ,1.0,9.0,89.0,1050.0,,3,0,1,0
1280,1363238,Y ,,,,,192.39,5,0,0,1
1281,1363219,Y ,2.0,7.0,90.0,1000.0,,6,1,0,0
1282,1362917,Y ,4.0,16.0,79.0,6800.0,,7,0,1,0
1283,1362661,Y ,,,,1000.0,2226.62,5,0,0,1
1284,1362701,Y ,1.0,4.0,34.0,0.0,1805.16,1,0,1,0
1285,1363382,Y ,4.0,7.0,88.0,1000.0,272.05,1,0,0,1
1286,1362744,Y ,2.0,3.0,94.0,682.28,1797.22,9,0,1,0
1287,1362828,Y ,,,,1000.0,,7,1,0,0
1288,1363467,Y ,1.0,18.0,80.0,1500.0,,4,1,0,0
1289,1363252,Y ,1.0,7.0,91.0,1000.0,181.99,1,0,1,0
1290,1362918,Y ,2.0,3.0,94.0,1000.0,270.7,1,0,0,1
1291,1363082,Y ,3.0,16.0,75.0,907.82,,2,0,1,0
1292,1363280,Y ,3.0,7.0,89.0,1000.0,1706.87,2,0,1,0
1293,1362857,Y ,1.0,2.0,96.0,357.0,196.62,4,0,1,0
1294,1362829,Y ,9.0,8.0,82.0,2033.41,2510.16,3,0,0,1
1295,1363283,Y ,1.0,7.0,91.0,1100.0,2.74,0,0,1,0
1296,1363026,Y ,12.0,13.0,74.0,2500.0,,4,1,0,0
1297,1363135,Y ,,,,247.32,540.37,5,1,0,0
1298,1363241,Y ,2.0,9.0,88.0,1352.7,1649.8,6,1,0,0
1299,1363492,Y ,16.0,3.0,80.0,6869.0,1116.1,4,1,0,0
1300,1363003,Y ,4.0,7.0,88.0,,,8,0,1,0
1301,1363070,Y ,0.0,1.0,18.0,774.22,844.28,1,1,0,0
1302,1363235,Y ,2.0,14.0,83.0,,,5,0,1,0
1303,1363355,Y ,,,,291.58,2229.96,1,1,0,0
1304,1362605,Y ,1.0,2.0,81.0,1000.0,611.94,4,0,0,1
1305,1362941,N ,1.0,3.0,95.0,,877.14,6,0,0,1
1306,1363213,Y ,,,,1046.11,289.72,0,1,0,0
1307,1362666,Y ,,,,,300.42,7,0,0,1
1308,1362565,Y ,7.0,14.0,78.0,1358.19,941.16,9,0,0,1
1309,1362571,N ,0.0,6.0,83.0,959.28,1741.09,4,0,1,0
1310,1363272,Y ,3.0,4.0,92.0,1016.12,711.81,0,1,0,0
1311,1363211,N ,,,,112.99,,6,1,0,0
1312,1363415,Y ,2.0,5.0,92.0,,,1,0,1,0
1313,1363194,N ,,,,82.15,455.67,5,1,0,0
1314,1362579,N ,1.0,9.0,89.0,1050.0,,3,1,0,0
1315,1363268,Y ,1.0,8.0,90.0,1800.0,180.08,6,1,0,0
1316,1363410,Y ,1.0,5.0,53.0,0.0,895.56,1,0,0,1
1317,1363098,Y ,1.0,8.0,90.0,,,1,0,1,0
1318,1363252,Y ,1.0,7.0,91.0,1000.0,181.99,1,1,0,0
1319,1363140,Y ,1.0,4.0,56.0,1000.0,896.45,4,1,0,0
1320,1363082,Y ,3.0,16.0,75.0,907.82,,2,1,0,0
1321,1363216,Y ,2.0,8.0,89.0,1000.0,105.54,3,1,0,0
1322,1363308,Y ,0.0,0.0,13.0,498.06,1585.57,1,0,0,1
1323,1363096,Y ,,,,0.0,,7,1,0,0
1324,1362857,Y ,1.0,2.0,96.0,357.0,196.62,4,1,0,0
1325,1363233,N ,7.0,19.0,73.0,,161.69,2,0,0,1
1326,1363283,Y ,1.0,7.0,91.0,1100.0,2.74,0,1,0,0
1327,1362547,Y ,,,,952.52,,3,1,0,0
1328,1363295,Y ,0.0,2.0,53.0,1000.0,222.18,6,0,0,1
1329,1362820,Y ,47.0,10.0,42.0,4231.59,,5,1,0,0
1330,1362681,Y ,,,,,3629.45,3,0,0,1
1331,1362904,Y ,1.0,8.0,90.0,679.69,201.9,9,1,0,0
1332,1362771,Y ,1.0,7.0,91.0,1200.0,2361.62,2,0,0,1
1333,1362836,Y ,0.0,5.0,94.0,1000.0,1009.19,6,0,1,0
1334,1362809,Y ,1.0,9.0,89.0,0.0,274.83,6,0,0,1
1335,1363361,N ,3.0,10.0,86.0,462.28,172.8,4,0,1,0
1336,1363006,Y ,4.0,5.0,90.0,1628.72,245.66,1,1,0,0
1337,1363342,Y ,3.0,12.0,84.0,1600.0,57.96,3,0,0,1
1338,1363117,Y ,2.0,6.0,51.0,1112.8,297.36,7,0,1,0
1339,1363452,Y ,1.0,7.0,91.0,,1874.79,0,0,0,1
1340,1363447,Y ,3.0,7.0,89.0,1000.0,671.09,1,0,1,0
1341,1363327,Y ,2.0,4.0,93.0,3000.0,401.43,0,0,1,0
1342,1362578,Y ,1.0,6.0,92.0,731.2,862.43,2,0,1,0
1343,1362808,Y ,10.0,13.0,76.0,1600.0,,2,1,0,0
1344,1363448,Y ,4.0,12.0,83.0,1400.0,1763.31,7,0,0,1
1345,1363237,Y ,18.0,19.0,62.0,0.0,756.74,5,0,1,0
1346,1362686,Y ,1.0,5.0,93.0,99.9,162.53,0,0,0,1
1347,1363243,Y ,2.0,7.0,90.0,110.03,760.1,5,0,1,0
1348,1362485,Y ,5.0,7.0,87.0,1100.0,,4,0,1,0
1349,1363071,N ,4.0,8.0,87.0,298.42,1083.77,2,0,0,1
1350,1363187,N ,8.0,14.0,77.0,2300.0,335.7,7,0,1,0
1351,1363254,Y ,3.0,5.0,85.0,31.04,2019.49,4,1,0,0
1352,1363434,Y ,14.0,17.0,68.0,,2728.02,7,0,1,0
1353,1362610,Y ,,,,545.57,,9,1,0,0
1354,1363064,Y ,,,,,1103.03,5,0,0,1
1355,1363084,Y ,5.0,20.0,74.0,1700.0,,2,1,0,0
1356,1362844,Y ,1.0,8.0,90.0,584.13,1493.41,2,0,0,1
1357,1363090,Y ,0.0,0.0,39.0,,158.73,1,0,1,0
1358,1362674,N ,1.0,9.0,89.0,,8.21,1,0,0,1
1359,1362793,N ,2.0,17.0,80.0,407.08,404.56,6,0,1,0
1360,1363305,Y ,2.0,5.0,92.0,,,1,0,1,0
1361,1362567,Y ,,,,,5143.26,6,0,0,1
1362,1362562,Y ,20.0,15.0,64.0,9500.0,3864.77,6,0,1,0
1363,1362782,N ,3.0,15.0,81.0,1136.06,268.13,3,0,1,0
1364,1363389,Y ,1.0,4.0,94.0,,177.4,3,0,1,0
1365,1363192,Y ,1.0,3.0,95.0,1000.0,,4,1,0,0
1366,1362680,Y ,2.0,5.0,92.0,1000.0,,3,1,0,0
1367,1362770,N ,14.0,8.0,77.0,20.0,,2,1,0,0
1368,1363141,Y ,0.0,8.0,91.0,,528.57,1,0,0,1
1369,1362791,Y ,1.0,12.0,86.0,157.42,492.11,1,1,0,0
1370,1362622,Y ,8.0,25.0,66.0,406.96,13404.16,9,0,1,0
1371,1362619,Y ,6.0,15.0,78.0,0.0,1133.1,2,0,0,1
1372,1362487,Y ,1.0,0.0,51.0,1548.23,12.89,1,0,1,0
1373,1362902,Y ,3.0,8.0,88.0,346.97,1554.71,5,1,0,0
1374,1362502,Y ,,,,,697.68,7,0,0,1
1375,1363402,Y ,4.0,10.0,85.0,1200.0,,3,1,0,0
1376,1362826,Y ,,,,,425.08,0,0,0,1
1377,1362573,Y ,19.0,15.0,65.0,,10399.11,6,0,1,0
1378,1363113,Y ,,,,660.4,1241.78,1,0,0,1
1379,1363261,N ,6.0,5.0,88.0,1000.0,289.89,6,0,0,1
1380,1362877,Y ,2.0,3.0,94.0,80.0,629.45,2,1,0,0
1381,1363307,Y ,4.0,7.0,88.0,1199.3,265.35,2,0,1,0
1382,1362759,Y ,2.0,7.0,90.0,835.19,79.52,9,0,0,1
1383,1363093,Y ,4.0,8.0,87.0,1000.0,86.31,9,1,0,0
1384,1362694,Y ,2.0,16.0,81.0,1360.3,,6,1,0,0
1385,1363044,Y ,,,,523.08,,6,1,0,0
1386,1362985,Y ,2.0,7.0,90.0,1000.0,1967.7,0,0,1,0
1387,1362714,Y ,,,,457.29,,9,1,0,0
1388,1362668,Y ,,,,,1470.67,5,0,0,1
1389,1362980,Y ,0.0,3.0,96.0,512.73,310.32,3,0,0,1
1390,1363008,Y ,7.0,13.0,62.0,10.0,9341.84,7,0,1,0
1391,1362742,Y ,0.0,0.0,29.0,15.74,844.14,7,0,1,0
1392,1362721,Y ,,,,1000.0,48.22,3,1,0,0
1393,1362640,Y ,,,,751.28,1698.93,1,1,0,0
1394,1362571,Y ,0.0,6.0,83.0,959.28,1741.09,4,1,0,0
1395,1362784,Y ,20.0,14.0,65.0,2764.67,,3,1,0,0
1396,1362839,Y ,14.0,15.0,70.0,3783.62,3420.03,3,1,0,0
1397,1363218,Y ,1.0,9.0,89.0,1100.0,,6,1,0,0
1398,1362726,Y ,2.0,2.0,95.0,918.66,,3,1,0,0
1399,1362480,Y ,7.0,8.0,84.0,20.0,1187.97,3,0,0,1
1400,1363288,Y ,7.0,9.0,83.0,1980.9,244.85,5,1,0,0
1401,1362831,Y ,2.0,1.0,16.0,5600.0,,2,1,0,0
1402,1362893,Y ,,,,,976.43,7,0,0,1
1403,1362602,Y ,1.0,8.0,90.0,1661.44,2735.3,4,0,1,0
1404,1362556,N ,,,,20.0,439.42,6,1,0,0
1405,1362624,Y ,,,,1400.0,1028.01,7,1,0,0
1406,1362875,Y ,1.0,7.0,91.0,3000.0,449.66,8,1,0,0
1407,1362654,Y ,,,,,622.46,5,0,0,1
1408,1362703,Y ,6.0,12.0,81.0,947.81,7144.39,4,0,1,0
