income,age,years_with_bank,nbr_children,gender_F ,marital_status_1,marital_status_2,marital_status_3,state_code_Midwest,state_code_Northeast,state_code_South
26150,46,5,1,0,0,1,0,0,0,0
6605,71,1,0,0,0,1,0,0,0,0
18548,38,8,0,1,1,0,0,0,0,0
47668,54,3,0,1,1,0,0,0,0,0
44554,59,9,2,1,0,0,0,0,1,0
15684,53,3,2,1,0,1,0,1,0,0
0,16,1,0,0,1,0,0,0,0,0
1929,79,8,0,1,0,1,0,0,0,0
39942,41,1,5,1,0,0,0,0,0,0
9622,46,6,1,0,0,1,0,0,0,0
25829,29,8,0,1,1,0,0,0,0,1
0,15,0,0,0,1,0,0,0,0,1
17622,44,1,0,0,0,1,0,0,0,0
8877,26,5,0,1,1,0,0,0,0,0
23351,51,1,2,1,0,1,0,0,1,0
0,15,0,0,0,1,0,0,0,0,0
10516,41,1,1,0,0,0,0,0,0,0
0,17,2,0,0,1,0,0,1,0,0
6354,66,6,0,0,0,1,0,0,0,0
21015,18,3,0,0,1,0,0,0,0,0
26505,50,0,1,1,0,1,0,0,1,0
3158,80,0,0,0,0,1,0,0,1,0
66930,58,8,0,1,0,1,0,1,0,0
19494,46,6,0,1,1,0,0,0,1,0
19334,42,2,2,1,0,0,0,1,0,0
6493,74,4,0,1,0,1,0,0,1,0
3171,22,1,1,1,0,1,0,0,0,0
8976,28,7,1,1,0,1,0,0,1,0
30664,56,6,1,1,0,1,0,0,0,0
21751,64,4,0,0,0,1,0,0,0,0
24326,60,0,0,1,0,1,0,1,0,0
76087,52,2,1,0,0,1,0,0,0,0
56597,31,1,2,1,0,1,0,1,0,0
36330,46,6,1,0,0,1,0,1,0,0
39991,40,0,0,1,1,0,0,0,0,0
24344,32,2,2,1,0,1,0,1,0,0
0,15,7,0,0,1,0,0,0,0,0
21663,54,4,1,1,0,1,0,0,0,0
13148,48,8,0,0,1,0,0,1,0,0
22690,25,4,0,1,1,0,0,0,1,0
10025,35,5,0,1,0,1,0,0,1,0
43317,30,0,3,1,0,1,0,0,0,0
24545,52,2,1,1,0,1,0,0,0,0
18036,36,6,2,1,0,1,0,0,1,0
10244,52,2,0,1,1,0,0,1,0,0
8011,82,2,0,1,0,1,0,0,1,0
24450,44,4,1,0,0,1,0,0,0,0
7571,23,2,1,1,0,0,0,0,0,1
17099,47,7,2,1,0,0,1,0,0,0
47083,43,3,1,1,0,1,0,0,1,0
0,13,5,0,0,1,0,0,0,1,0
0,13,5,0,0,1,0,0,0,0,0
60104,56,6,2,0,0,1,0,0,0,0
19823,55,5,1,0,0,1,0,0,0,0
24476,46,6,0,1,1,0,0,0,0,1
24368,63,3,0,1,1,0,0,0,1,0
34473,52,2,1,0,0,1,0,1,0,0
6300,77,7,0,1,1,0,0,1,0,0
51608,39,4,0,0,1,0,0,0,0,1
7335,28,7,1,0,0,1,0,0,0,0
29064,35,5,3,0,0,1,0,0,1,0
0,15,0,0,1,1,0,0,0,0,0
15246,29,4,0,0,1,0,0,0,1,0
17242,60,0,0,1,1,0,0,0,1,0
144157,58,5,0,0,0,1,0,0,0,1
27885,34,3,0,1,1,0,0,0,0,0
27492,49,9,0,1,1,0,0,0,0,0
5788,35,5,2,1,0,1,0,0,0,1
0,15,7,0,1,1,0,0,0,0,0
10933,18,3,0,1,1,0,0,0,1,0
15724,41,1,0,1,1,0,0,0,0,0
15993,30,0,3,1,0,1,0,0,0,1
4435,65,5,0,1,0,1,0,0,1,0
12396,60,0,0,1,0,1,0,0,1,0
9129,66,6,0,0,0,1,0,0,0,0
7431,37,7,1,1,0,1,0,0,0,0
16957,34,4,0,1,0,1,0,0,0,1
7633,53,3,0,1,0,1,0,0,0,0
0,14,6,0,1,1,0,0,0,0,0
1982,28,7,0,0,1,0,0,0,0,0
81509,41,1,1,1,0,1,0,0,1,0
25180,56,6,1,1,0,0,1,1,0,0
35502,42,2,0,1,1,0,0,0,0,0
0,15,7,0,1,1,0,0,0,0,0
23108,69,9,0,1,0,1,0,1,0,0
18350,38,5,2,1,0,1,0,0,0,0
12885,61,1,0,1,0,1,0,1,0,0
39704,53,3,1,1,0,1,0,0,0,0
55061,30,0,0,0,1,0,0,0,0,1
49258,49,9,0,1,0,1,0,0,1,0
7751,41,1,2,1,0,0,0,0,0,1
0,13,5,0,1,1,0,0,0,0,0
0,15,7,0,1,1,0,0,1,0,0
24534,40,0,0,1,1,0,0,0,0,0
0,16,1,0,1,1,0,0,0,0,0
31910,44,4,0,0,1,0,0,0,1,0
0,17,2,0,1,1,0,0,1,0,0
22001,44,4,0,1,1,0,0,0,0,1
14711,73,3,0,0,0,1,0,1,0,0
57194,31,1,3,0,0,0,0,0,0,0
28867,77,7,0,1,0,1,0,0,0,1
15530,57,7,2,0,0,1,0,0,0,0
20855,36,6,2,1,0,1,0,0,1,0
31040,60,0,0,1,0,1,0,0,0,0
8810,35,5,2,1,0,1,0,0,0,1
23206,64,4,0,0,0,0,1,0,0,0
57723,57,7,1,0,0,0,0,0,1,0
3994,87,7,0,0,0,1,0,0,1,0
90248,55,5,0,0,0,0,0,0,1,0
9351,46,6,0,1,1,0,0,0,0,0
8038,22,1,0,1,1,0,0,0,0,1
1039,79,9,0,0,0,1,0,1,0,0
7495,88,8,0,0,0,1,0,0,0,1
34080,49,2,0,1,1,0,0,0,0,1
14877,33,3,3,1,0,1,0,1,0,0
2925,29,8,2,1,0,0,0,0,0,0
84335,43,3,4,1,0,0,0,0,0,0
11935,60,0,0,1,0,1,0,0,0,1
83295,58,8,1,0,0,0,0,0,0,1
43900,36,6,2,1,0,1,0,0,1,0
68933,52,2,1,0,0,0,1,1,0,0
16422,32,2,3,0,0,1,0,1,0,0
24275,55,5,1,1,0,0,1,1,0,0
30676,46,4,5,0,0,0,0,0,0,0
0,14,6,0,0,1,0,0,0,0,1
12823,66,6,0,1,1,0,0,0,0,1
6356,18,3,0,1,1,0,0,0,1,0
13811,50,0,0,1,0,0,1,1,0,0
5488,33,3,3,1,0,1,0,0,0,0
0,16,1,0,1,1,0,0,0,0,1
27649,58,8,1,0,0,1,0,0,0,0
11944,40,0,1,0,0,1,0,0,0,0
2769,18,3,0,1,1,0,0,0,0,0
17559,51,1,0,1,0,1,0,0,0,0
12202,79,9,0,0,0,1,0,0,0,1
18144,28,5,0,1,1,0,0,0,0,1
34797,69,9,0,0,1,0,0,0,0,0
13295,38,8,3,1,0,1,0,0,0,0
0,15,0,0,0,1,0,0,0,0,1
56708,40,0,0,0,1,0,0,0,0,1
79057,57,6,0,0,0,0,1,0,0,1
75121,58,8,0,1,0,0,0,1,0,0
12258,39,9,3,1,0,1,0,0,0,0
2644,23,2,1,0,0,1,0,0,0,1
28864,59,9,1,0,0,0,0,0,0,0
0,15,0,0,1,1,0,0,0,0,0
3618,89,9,0,1,0,1,0,1,0,0
4391,66,6,0,1,0,0,0,0,0,0
38010,60,0,0,0,0,1,0,1,0,0
44288,34,4,1,1,0,1,0,0,0,0
5808,19,1,0,1,1,0,0,1,0,0
49731,62,2,0,1,0,1,0,1,0,0
2807,54,2,0,1,0,1,0,1,0,0
95585,53,3,1,0,0,1,0,0,0,0
15795,63,3,0,0,0,1,0,1,0,0
4626,78,8,0,1,0,0,1,0,1,0
10151,34,4,0,0,0,0,0,0,0,0
4604,65,5,0,1,0,1,0,0,1,0
55678,43,3,5,0,0,1,0,1,0,0
40898,39,8,1,0,0,1,0,0,1,0
39291,58,8,1,1,0,0,0,1,0,0
86744,57,7,0,0,0,1,0,0,0,1
3419,28,7,0,1,1,0,0,1,0,0
29363,36,6,3,1,0,0,0,0,0,0
36675,36,6,2,0,0,1,0,0,0,0
73785,43,2,3,0,0,0,0,0,0,0
11004,72,2,0,1,0,1,0,1,0,0
11375,26,5,1,0,0,1,0,0,0,1
9849,60,0,0,1,0,1,0,0,1,0
19789,39,9,0,0,1,0,0,0,0,1
21198,50,0,1,1,0,1,0,0,0,0
36873,59,9,0,1,0,1,0,1,0,0
9614,65,5,0,1,0,1,0,0,1,0
5022,84,4,0,0,0,1,0,0,0,1
29995,31,1,0,0,0,1,0,0,0,1
6105,26,5,1,1,0,1,0,0,0,1
30500,57,7,2,1,0,1,0,0,0,1
69432,58,8,2,1,0,1,0,0,0,0
12621,66,6,0,1,0,0,0,0,1,0
30224,73,3,0,0,0,1,0,0,0,0
18785,28,7,0,0,1,0,0,1,0,0
0,14,6,0,1,1,0,0,0,0,0
44472,47,6,0,1,1,0,0,0,0,0
0,16,1,0,1,1,0,0,1,0,0
57612,58,8,2,0,0,1,0,1,0,0
22437,64,4,0,0,0,1,0,0,0,1
15077,74,4,0,1,0,1,0,0,0,1
9916,33,3,2,1,0,1,0,1,0,0
12722,49,9,0,1,1,0,0,0,0,0
22758,30,0,2,1,0,1,0,0,0,0
29579,43,3,0,0,1,0,0,0,0,0
17612,30,0,3,1,0,0,0,0,1,0
18597,19,4,0,0,1,0,0,0,0,0
16865,19,4,0,1,1,0,0,1,0,0
14891,43,3,4,0,0,1,0,0,0,1
10430,26,5,0,1,1,0,0,0,1,0
0,14,6,0,1,1,0,0,0,0,0
7777,18,3,0,1,1,0,0,0,0,0
27814,24,3,2,1,0,1,0,0,0,1
41650,30,0,3,0,0,0,1,0,1,0
18891,69,9,0,0,0,0,1,1,0,0
37471,55,5,1,1,0,1,0,0,0,1
0,13,2,0,0,1,0,0,0,0,1
0,17,2,0,1,1,0,0,0,1,0
28402,74,4,0,0,0,1,0,1,0,0
27303,59,9,1,1,0,0,1,0,1,0
13515,23,2,1,0,0,0,0,1,0,0
29335,50,0,0,1,0,1,0,0,0,0
5940,28,3,1,1,0,1,0,0,0,1
6195,75,5,0,1,0,0,0,0,0,0
13750,19,1,0,0,1,0,0,1,0,0
13113,19,4,0,1,1,0,0,1,0,0
84120,57,7,0,0,0,1,0,0,0,0
41069,57,7,0,0,1,0,0,0,1,0
3400,18,3,0,1,1,0,0,0,0,1
19282,40,0,4,0,0,0,0,0,0,0
5772,18,3,0,0,1,0,0,0,0,1
49435,44,4,4,0,0,1,0,0,0,1
9146,80,0,0,0,0,0,0,0,0,1
19639,36,3,3,1,0,0,1,0,0,0
32739,59,9,0,1,1,0,0,1,0,0
34855,40,0,2,0,0,0,0,0,0,1
12485,24,3,2,0,0,0,0,0,0,1
12403,31,1,3,0,0,1,0,1,0,0
0,16,1,0,0,1,0,0,0,0,1
32551,47,7,5,0,0,1,0,0,0,0
3240,64,1,0,0,1,0,0,0,0,0
2715,61,1,0,0,0,1,0,0,1,0
45629,44,4,2,1,0,0,1,1,0,0
6144,22,1,0,1,0,1,0,0,0,1
0,16,1,0,1,1,0,0,0,0,1
3339,20,5,0,1,1,0,0,0,0,0
0,15,7,0,0,1,0,0,1,0,0
12106,19,4,0,0,1,0,0,0,0,1
0,17,2,0,1,1,0,0,0,1,0
0,15,5,0,0,1,0,0,0,0,0
61885,52,2,2,1,0,1,0,0,0,0
31054,55,5,2,0,0,1,0,1,0,0
23973,45,5,0,1,1,0,0,0,0,0
23843,59,9,1,1,0,1,0,1,0,0
3551,27,4,2,1,0,1,0,0,0,0
12728,35,2,0,0,1,0,0,0,0,1
4508,69,4,0,1,1,0,0,0,0,1
18760,48,5,0,1,1,0,0,0,1,0
36237,41,1,0,0,1,0,0,0,1,0
49623,55,5,1,1,0,0,0,0,0,1
129196,55,5,2,0,0,0,1,1,0,0
39703,38,8,0,1,1,0,0,0,1,0
19300,57,7,1,0,0,1,0,0,0,0
27258,69,9,0,1,0,1,0,0,0,0
25681,56,6,2,0,0,1,0,0,0,1
26598,57,6,0,0,0,1,0,0,0,0
11812,32,2,2,0,0,0,0,0,0,1
30068,69,5,0,0,0,1,0,0,0,1
17165,38,6,2,0,0,1,0,0,0,1
12690,55,5,0,0,0,1,0,0,0,0
35508,56,6,1,1,0,1,0,0,0,1
8381,44,4,0,1,0,1,0,0,1,0
17584,64,4,0,0,0,0,0,0,0,1
10919,73,3,0,0,0,1,0,1,0,0
12973,50,0,2,0,0,1,0,0,1,0
7968,68,8,0,0,0,1,0,0,1,0
28058,32,2,2,1,0,0,0,0,1,0
29241,58,5,2,1,0,1,0,0,0,1
0,15,7,0,1,1,0,0,1,0,0
0,13,5,0,1,1,0,0,0,1,0
19686,64,4,0,1,0,1,0,1,0,0
0,15,7,0,1,1,0,0,0,0,0
43315,33,3,3,0,0,0,1,0,0,1
19987,45,5,2,1,0,0,1,1,0,0
40252,40,0,5,1,0,0,1,0,0,1
0,16,1,0,1,1,0,0,0,1,0
5505,18,3,0,1,1,0,0,0,0,1
0,15,0,0,0,1,0,0,1,0,0
18449,39,9,0,0,0,1,0,1,0,0
26763,31,1,2,1,0,1,0,0,1,0
22680,64,4,0,0,1,0,0,0,0,1
20840,42,2,1,0,0,1,0,0,0,1
10608,63,3,0,1,0,1,0,1,0,0
27155,22,1,1,0,0,1,0,0,1,0
0,17,2,0,1,1,0,0,0,1,0
15301,69,7,0,0,0,1,0,1,0,0
9379,69,9,0,1,0,1,0,0,1,0
26364,41,1,2,0,0,1,0,1,0,0
17912,32,2,3,1,0,1,0,0,0,0
0,14,6,0,0,1,0,0,0,0,0
20889,23,2,0,1,0,0,1,0,0,0
18040,27,6,2,1,0,1,0,0,1,0
60242,41,1,4,1,0,1,0,0,0,0
0,15,7,0,1,1,0,0,0,0,0
0,13,5,0,1,1,0,0,0,0,1
36259,45,5,2,1,0,1,0,0,1,0
56384,35,2,2,0,0,0,0,1,0,0
20358,42,2,0,1,1,0,0,0,0,1
76376,56,6,1,0,0,1,0,1,0,0
0,17,2,0,1,1,0,0,1,0,0
2517,83,3,0,0,1,0,0,0,1,0
18390,38,8,2,1,0,1,0,0,0,1
8201,18,3,0,0,1,0,0,1,0,0
11725,30,0,0,0,1,0,0,0,1,0
30265,34,4,0,1,1,0,0,0,0,0
12310,40,0,0,1,1,0,0,0,0,0
22322,50,0,0,0,0,1,0,0,0,0
4300,24,3,0,1,1,0,0,0,0,0
15576,46,6,0,1,1,0,0,0,0,0
17750,56,6,1,1,0,1,0,0,1,0
18183,33,3,3,1,0,1,0,0,0,0
19840,50,0,2,1,0,0,0,1,0,0
29838,36,6,2,1,0,1,0,0,0,1
27269,68,3,0,0,0,1,0,0,0,1
77727,57,7,1,1,0,1,0,0,0,1
0,17,2,0,0,1,0,0,0,0,0
8301,82,2,0,0,1,0,0,1,0,0
10818,28,4,2,1,0,1,0,0,1,0
23085,27,6,0,1,1,0,0,0,0,1
12449,32,1,2,0,0,1,0,1,0,0
11918,19,4,0,1,1,0,0,0,0,1
41876,37,7,0,1,1,0,0,0,0,1
40671,30,0,2,0,0,0,1,1,0,0
9480,42,2,2,0,0,1,0,0,0,0
39250,57,7,0,1,1,0,0,0,1,0
35237,55,5,1,0,0,1,0,0,0,0
29403,36,6,2,0,0,0,0,0,0,0
0,16,1,0,0,1,0,0,0,0,1
36923,53,2,1,1,0,0,1,0,0,1
33010,55,5,0,1,0,1,0,1,0,0
0,16,1,0,1,1,0,0,0,1,0
82612,56,6,1,0,0,1,0,1,0,0
0,14,6,0,0,1,0,0,0,0,1
26936,64,4,0,1,1,0,0,1,0,0
31297,40,0,0,0,0,1,0,1,0,0
48479,46,6,5,0,0,1,0,0,1,0
3093,82,2,0,0,0,1,0,1,0,0
20745,46,1,2,0,0,1,0,0,0,1
33060,41,1,0,0,1,0,0,0,0,0
45464,57,7,0,1,0,1,0,1,0,0
17052,41,1,0,1,1,0,0,0,1,0
12033,85,5,0,0,0,1,0,0,0,1
20562,50,0,2,1,0,1,0,0,0,0
101177,50,0,0,1,0,1,0,0,0,0
9099,28,7,0,0,1,0,0,0,0,1
16579,35,5,2,0,0,1,0,0,0,1
14780,88,8,0,1,0,0,0,0,0,0
0,15,7,0,1,1,0,0,0,0,1
0,13,5,0,0,1,0,0,0,0,0
34394,54,4,0,1,0,1,0,0,0,1
12560,31,1,2,1,0,1,0,0,0,0
12599,37,3,0,0,1,0,0,0,1,0
37186,36,6,0,0,1,0,0,0,0,0
44758,53,2,1,1,0,1,0,0,1,0
0,17,2,0,1,1,0,0,0,1,0
41261,34,4,3,0,0,1,0,0,1,0
46884,36,4,2,0,0,1,0,0,0,0
7083,77,7,0,1,0,1,0,0,0,0
0,16,1,0,0,1,0,0,1,0,0
13352,48,8,0,1,1,0,0,1,0,0
22995,21,0,0,1,1,0,0,0,1,0
5456,63,3,0,0,0,0,0,0,0,0
8681,68,8,0,1,0,1,0,0,0,1
0,13,5,0,0,1,0,0,0,0,0
22783,25,4,0,1,1,0,0,0,0,1
9602,79,9,0,0,0,1,0,0,0,0
20684,44,4,0,0,1,0,0,0,0,0
25426,46,6,1,1,0,1,0,0,0,0
6618,39,9,0,1,1,0,0,0,0,1
13124,66,6,0,1,0,1,0,0,0,0
0,17,2,0,1,1,0,0,0,1,0
8575,52,2,1,1,0,1,0,0,0,1
0,15,7,0,1,1,0,0,0,0,0
26583,23,2,2,1,0,1,0,0,0,0
30674,64,4,0,1,0,1,0,0,0,0
8038,80,0,0,1,0,1,0,0,0,0
0,15,0,0,0,1,0,0,0,1,0
29120,36,6,2,0,0,0,1,0,0,0
57882,39,9,0,1,1,0,0,0,1,0
49631,54,4,1,1,0,1,0,0,1,0
12994,26,5,1,1,0,0,0,0,0,0
6355,77,7,0,0,0,1,0,0,1,0
0,15,7,0,0,1,0,0,1,0,0
17804,21,0,1,0,0,1,0,0,1,0
20179,49,9,1,1,0,1,0,1,0,0
54647,48,8,0,0,1,0,0,0,0,1
5918,29,8,1,0,0,1,0,0,0,0
0,17,2,0,1,1,0,0,0,0,0
0,16,1,0,0,1,0,0,0,0,0
12456,31,1,2,0,0,1,0,1,0,0
8257,29,8,0,1,0,1,0,0,1,0
30217,46,6,0,1,1,0,0,0,0,1
50704,55,5,1,0,0,1,0,0,0,0
21909,51,1,1,0,0,1,0,0,0,0
59542,57,7,0,0,1,0,0,0,1,0
10701,76,6,0,1,0,0,1,0,0,1
24131,47,7,1,1,0,1,0,0,0,0
15746,30,0,3,0,0,1,0,0,0,0
11029,46,4,0,0,1,0,0,0,0,0
0,15,3,0,1,1,0,0,0,1,0
30413,37,3,0,0,0,1,0,0,1,0
0,13,5,0,1,1,0,0,0,0,0
41317,54,4,1,0,0,1,0,0,0,0
11074,52,2,1,1,0,1,0,0,0,0
19863,48,8,0,1,1,0,0,0,0,0
37364,52,2,1,1,0,0,0,1,0,0
32700,53,3,1,1,0,0,0,0,0,1
43872,41,1,0,1,0,1,0,0,0,0
13137,72,2,0,1,0,1,0,0,0,1
7914,81,1,0,1,0,1,0,0,1,0
12988,37,7,3,1,0,0,0,0,0,0
2442,19,1,0,1,1,0,0,1,0,0
0,16,1,0,0,1,0,0,0,0,0
38736,48,7,5,0,0,0,0,0,0,1
45195,59,9,2,0,0,1,0,0,1,0
13497,61,1,0,1,0,1,0,0,0,0
8799,27,6,0,1,0,1,0,0,0,1
7735,53,3,1,1,0,1,0,0,0,0
33706,56,6,1,0,0,1,0,0,1,0
12436,29,8,0,0,1,0,0,0,0,0
33113,55,5,0,0,0,1,0,1,0,0
76891,42,2,0,1,1,0,0,0,1,0
5981,74,4,0,1,0,1,0,0,0,0
111004,52,2,0,0,1,0,0,0,0,1
31220,34,4,0,0,1,0,0,0,0,1
12072,67,7,0,0,0,1,0,0,1,0
127848,54,4,1,0,0,1,0,0,0,0
26008,34,4,2,1,0,0,0,0,0,0
8262,60,0,0,0,0,1,0,1,0,0
10053,42,2,0,1,1,0,0,0,0,0
23896,34,4,1,0,0,1,0,0,0,0
42532,39,9,2,0,0,1,0,0,0,0
72194,32,2,0,0,1,0,0,0,0,1
21646,49,6,0,1,1,0,0,0,0,0
17412,33,2,2,1,0,0,1,0,0,1
0,17,2,0,1,1,0,0,1,0,0
15399,60,0,0,0,0,1,0,0,1,0
12560,46,6,1,0,0,1,0,0,1,0
9271,28,6,0,0,0,1,0,0,0,1
18387,18,3,0,0,1,0,0,0,0,0
36586,51,1,0,1,1,0,0,0,0,0
9999,44,4,0,0,0,1,0,0,1,0
0,13,5,0,0,1,0,0,0,0,0
0,15,7,0,1,1,0,0,0,0,0
32065,48,8,1,0,0,1,0,0,1,0
20702,30,0,1,1,0,0,1,1,0,0
19088,52,2,2,1,0,1,0,0,0,0
9005,26,5,1,1,0,1,0,0,0,0
9495,25,4,2,1,0,0,1,0,0,1
5787,18,3,0,0,1,0,0,0,0,0
28093,69,9,0,0,0,1,0,1,0,0
59047,55,5,0,0,1,0,0,0,0,1
9738,56,6,1,1,0,1,0,1,0,0
7169,39,9,0,1,1,0,0,0,0,0
8961,86,6,0,0,0,0,0,0,0,0
57224,35,5,2,0,0,1,0,0,0,1
43737,66,6,0,0,0,1,0,0,0,0
49553,53,3,1,1,0,1,0,0,1,0
2772,22,1,1,1,0,0,0,0,1,0
56296,38,8,2,0,0,1,0,1,0,0
0,16,1,0,0,1,0,0,1,0,0
11244,72,2,0,1,0,1,0,1,0,0
14357,77,7,0,1,0,1,0,1,0,0
19019,70,0,0,1,0,0,0,0,1,0
30165,37,7,3,0,0,1,0,0,0,1
24090,67,7,0,0,0,1,0,0,0,1
0,14,6,0,1,1,0,0,0,0,0
22369,32,2,0,1,1,0,0,1,0,0
13241,18,3,0,1,1,0,0,0,1,0
77322,36,6,2,0,0,1,0,0,1,0
77893,35,2,0,0,1,0,0,0,1,0
31387,42,2,0,1,1,0,0,0,0,0
7642,66,6,0,1,0,1,0,0,0,0
0,14,6,0,1,1,0,0,0,0,0
28204,40,0,0,1,1,0,0,0,0,0
19645,39,6,2,0,0,1,0,0,0,0
11821,29,8,0,0,0,1,0,0,0,0
1591,25,4,0,0,1,0,0,0,0,0
0,13,5,0,1,1,0,0,0,0,0
21657,49,9,0,1,1,0,0,0,0,1
0,17,2,0,0,1,0,0,0,0,1
0,14,6,0,0,1,0,0,1,0,0
14141,18,3,0,0,1,0,0,1,0,0
90592,50,0,0,0,0,1,0,0,0,0
0,17,2,0,0,1,0,0,1,0,0
0,15,7,0,1,1,0,0,0,0,0
18176,68,8,0,1,0,0,0,0,0,0
3371,19,4,0,1,1,0,0,0,1,0
98566,43,3,1,1,0,0,1,1,0,0
30163,38,1,3,0,0,1,0,0,0,0
31732,35,5,3,0,0,1,0,0,0,0
27635,40,0,2,1,0,0,0,1,0,0
21384,58,7,1,1,0,1,0,0,0,0
65347,58,8,2,1,0,1,0,0,0,0
102286,56,6,2,1,0,0,1,1,0,0
30276,45,1,0,1,1,0,0,0,0,0
25827,75,5,0,1,0,1,0,0,0,1
4184,27,6,1,1,0,1,0,0,0,1
52542,35,5,3,0,0,0,0,0,0,0
63532,46,6,0,1,1,0,0,0,0,0
15554,73,3,0,0,0,1,0,0,0,1
6228,84,4,0,1,0,1,0,0,1,0
56266,44,4,5,0,0,0,1,0,0,0
7302,19,4,0,1,1,0,0,1,0,0
19041,38,8,3,0,0,1,0,0,0,0
6809,60,0,0,1,1,0,0,0,0,0
50890,33,3,2,0,0,1,0,0,1,0
0,15,7,0,1,1,0,0,0,0,0
11410,82,2,0,0,0,1,0,1,0,0
0,16,1,0,0,1,0,0,0,0,0
8345,19,4,0,1,1,0,0,0,0,0
22362,63,3,0,0,0,1,0,1,0,0
32728,53,3,0,0,0,0,1,0,1,0
4424,18,3,0,0,1,0,0,0,0,0
31496,25,4,1,1,0,0,1,0,0,0
39382,24,3,1,0,0,0,1,1,0,0
1565,82,2,0,1,0,1,0,0,0,1
17773,37,7,3,1,0,1,0,1,0,0
33905,52,2,0,0,0,1,0,1,0,0
29030,44,4,0,0,1,0,0,0,0,1
20691,44,4,0,0,1,0,0,0,1,0
58377,49,2,4,1,0,0,0,0,0,0
30989,45,5,0,1,1,0,0,0,1,0
22025,44,3,1,1,0,1,0,0,0,0
43582,42,2,5,1,0,1,0,1,0,0
13317,19,4,0,1,1,0,0,1,0,0
6909,54,2,2,1,0,0,1,0,1,0
26886,34,4,0,1,0,1,0,0,0,0
23883,75,5,0,0,0,1,0,1,0,0
93060,50,0,0,0,0,1,0,1,0,0
37180,65,5,0,0,0,1,0,0,1,0
17110,68,8,0,1,1,0,0,0,0,1
25973,57,7,1,0,0,1,0,0,0,0
10234,18,3,0,1,1,0,0,0,0,0
37438,62,2,0,0,0,1,0,0,1,0
29536,43,3,0,1,0,1,0,0,0,0
0,14,6,0,0,1,0,0,0,0,1
29040,32,2,1,0,0,1,0,0,0,0
3303,61,1,0,1,0,0,1,0,0,0
14769,31,1,3,1,0,1,0,0,0,0
0,16,1,0,1,1,0,0,0,0,1
35117,57,7,1,1,0,1,0,0,0,0
13087,22,1,0,0,0,1,0,1,0,0
16238,33,3,2,0,0,0,0,0,0,1
8048,26,5,0,0,1,0,0,0,0,0
44196,30,0,1,1,0,1,0,0,1,0
11946,60,0,0,1,0,0,0,0,0,1
0,17,2,0,1,1,0,0,0,0,1
9050,65,5,0,1,0,1,0,1,0,0
17401,18,3,0,0,1,0,0,0,1,0
68039,48,8,0,0,1,0,0,0,0,1
0,17,2,0,0,1,0,0,0,1,0
11600,18,3,0,0,1,0,0,1,0,0
19639,25,4,1,1,0,1,0,0,0,1
0,17,2,0,1,1,0,0,1,0,0
38917,51,1,0,1,0,1,0,0,0,0
19649,66,5,0,0,0,1,0,0,1,0
0,17,2,0,1,1,0,0,1,0,0
6479,65,5,0,1,0,1,0,1,0,0
12307,29,8,1,0,0,1,0,0,0,1
14011,29,8,2,1,0,0,1,0,0,0
0,15,7,0,0,1,0,0,0,0,0
26112,36,6,0,0,0,1,0,0,0,1
43381,48,8,0,0,1,0,0,0,1,0
16168,49,9,0,0,1,0,0,0,0,1
8282,73,3,0,1,0,1,0,0,0,0
0,16,1,0,1,1,0,0,0,0,0
7534,61,1,0,1,0,1,0,0,1,0
43408,40,0,4,1,0,1,0,0,0,1
0,13,5,0,1,1,0,0,0,1,0
3726,71,1,0,1,0,1,0,0,0,0
4366,61,1,0,1,0,1,0,0,0,1
8997,23,2,2,0,0,1,0,0,0,1
24815,32,2,2,0,0,1,0,1,0,0
11613,39,5,2,1,0,1,0,0,0,0
49437,47,7,2,1,0,1,0,0,0,1
6132,21,0,0,0,1,0,0,1,0,0
0,14,6,0,0,1,0,0,0,0,0
0,14,6,0,0,1,0,0,0,0,1
58217,55,3,2,1,0,1,0,1,0,0
11041,83,3,0,1,0,1,0,0,0,1
4187,19,4,0,1,1,0,0,0,0,1
32152,32,2,0,1,0,1,0,0,0,1
18806,19,4,0,0,1,0,0,1,0,0
28975,54,4,2,0,0,1,0,0,0,1
11485,70,0,0,1,0,1,0,1,0,0
39832,58,6,0,0,1,0,0,1,0,0
8120,65,5,0,1,0,0,0,0,1,0
13901,76,6,0,1,0,1,0,0,1,0
86055,50,0,2,0,0,0,1,0,1,0
25869,54,4,1,1,0,0,0,1,0,0
9307,41,1,0,1,1,0,0,0,0,0
19891,70,0,0,0,0,0,0,0,0,1
54734,50,0,0,0,0,1,0,0,0,0
7467,41,1,0,1,1,0,0,0,0,1
29570,49,3,0,1,1,0,0,0,0,1
22721,53,2,2,1,0,1,0,1,0,0
23476,19,4,0,0,1,0,0,0,0,1
0,14,6,0,0,1,0,0,1,0,0
94123,51,1,2,0,0,1,0,1,0,0
4804,74,4,0,0,0,1,0,0,0,1
6576,45,5,0,0,1,0,0,0,0,0
0,16,1,0,1,1,0,0,0,1,0
56088,46,6,0,0,1,0,0,0,0,1
29417,33,3,3,0,0,0,0,0,0,1
0,14,6,0,1,1,0,0,1,0,0
31013,31,1,0,0,1,0,0,0,0,1
26848,67,1,0,1,0,1,0,0,0,1
39754,57,7,2,0,0,1,0,0,0,0
0,15,0,0,1,1,0,0,0,0,0
7008,40,0,1,1,0,0,0,0,0,0
44071,39,9,3,1,0,1,0,1,0,0
20184,41,1,0,1,1,0,0,0,0,1
0,15,7,0,1,1,0,0,0,1,0
5779,79,9,0,1,0,1,0,1,0,0
20870,48,8,5,1,0,1,0,0,0,0
43691,68,8,0,0,0,1,0,0,0,0
2701,70,0,0,1,0,1,0,1,0,0
7701,25,4,1,0,0,1,0,0,0,1
19319,24,3,0,0,0,1,0,0,0,1
7826,18,3,0,0,1,0,0,1,0,0
0,15,0,0,1,1,0,0,0,0,1
13781,50,0,0,1,0,1,0,0,0,0
0,13,5,0,1,1,0,0,0,0,0
0,16,1,0,1,1,0,0,0,0,1
50980,51,1,1,0,0,1,0,1,0,0
26548,46,5,4,1,0,0,0,0,1,0
46712,47,7,3,1,0,0,1,0,0,0
44307,53,3,1,0,0,1,0,0,0,1
20926,70,0,0,0,0,0,0,0,1,0
27946,39,8,0,1,1,0,0,0,0,0
15895,46,6,1,1,0,1,0,0,0,1
58749,50,0,2,1,0,1,0,0,0,1
16718,23,2,1,1,0,1,0,0,1,0
15744,50,0,2,1,0,1,0,0,1,0
5848,83,3,0,1,1,0,0,0,0,1
0,15,7,0,0,1,0,0,1,0,0
26138,65,5,0,1,0,1,0,1,0,0
7154,65,5,0,0,0,1,0,1,0,0
11982,33,3,0,1,1,0,0,0,0,1
10250,69,9,0,0,1,0,0,0,0,1
31379,41,1,2,1,0,1,0,1,0,0
6700,23,2,0,0,1,0,0,0,1,0
142274,54,4,0,0,0,0,1,0,0,1
2858,83,3,0,0,0,0,0,0,0,0
0,13,5,0,0,1,0,0,0,0,0
14959,21,0,0,0,1,0,0,0,1,0
7617,43,3,2,0,0,1,0,0,1,0
41064,55,5,1,1,0,1,0,0,0,0
43710,31,1,2,1,0,0,1,0,1,0
34791,52,2,2,1,0,1,0,0,0,1
42031,32,2,0,1,1,0,0,0,0,0
7230,62,2,0,0,0,1,0,1,0,0
30015,30,0,2,0,0,1,0,0,0,1
6390,41,1,0,0,0,1,0,0,1,0
69205,53,3,2,0,0,1,0,0,0,1
18377,36,6,2,1,0,1,0,0,0,1
44592,43,3,4,0,0,1,0,0,0,0
28518,31,1,2,0,0,0,1,0,0,0
18466,31,1,2,0,0,0,1,0,0,1
40795,66,6,0,1,0,1,0,0,1,0
5781,80,0,0,1,1,0,0,0,1,0
84184,37,7,0,0,1,0,0,0,0,1
36761,55,5,1,0,0,1,0,0,1,0
1814,18,3,0,1,1,0,0,1,0,0
7353,19,4,0,0,1,0,0,1,0,0
15432,62,2,0,1,1,0,0,0,0,0
21746,30,0,3,1,0,0,0,0,0,0
16276,40,0,3,1,0,0,0,1,0,0
40798,36,6,2,0,0,1,0,0,1,0
4859,29,8,1,1,0,0,0,0,0,0
0,14,6,0,0,1,0,0,0,1,0
21460,53,2,0,1,0,1,0,0,0,0
43715,33,3,2,1,0,1,0,1,0,0
2684,26,2,0,1,1,0,0,1,0,0
24300,47,7,0,0,1,0,0,0,1,0
44307,33,3,3,0,0,1,0,0,0,0
0,15,7,0,1,1,0,0,0,0,0
57642,59,9,1,0,0,1,0,0,0,1
7005,77,7,0,1,0,0,1,0,0,1
13058,27,6,2,1,0,1,0,0,0,1
36464,32,2,0,0,1,0,0,0,0,1
8005,33,3,2,1,0,0,1,0,0,0
9848,42,2,2,1,0,1,0,0,0,0
8259,29,8,2,0,0,0,0,0,0,0
0,15,0,0,0,1,0,0,0,0,0
8423,38,4,0,1,0,1,0,1,0,0
47267,54,4,1,0,0,0,0,0,1,0
0,16,1,0,0,1,0,0,0,0,1
16986,40,0,0,1,1,0,0,0,1,0
36603,65,5,0,0,0,1,0,0,1,0
23294,51,1,1,1,0,1,0,1,0,0
44742,31,1,2,1,0,1,0,1,0,0
0,17,2,0,1,1,0,0,0,0,1
18663,39,9,3,0,0,1,0,0,0,0
65024,43,3,0,1,0,1,0,1,0,0
24843,61,1,0,0,0,1,0,0,1,0
75890,40,0,0,0,0,0,1,0,0,0
8088,84,4,0,0,1,0,0,1,0,0
17174,81,1,0,0,0,1,0,0,0,0
31641,47,7,2,1,0,1,0,0,0,1
4247,55,5,1,1,0,1,0,1,0,0
14458,49,9,0,1,0,1,0,1,0,0
46870,59,9,0,0,0,1,0,0,0,0
10800,89,9,0,1,0,1,0,1,0,0
12072,69,9,0,1,0,1,0,0,0,1
12664,55,5,1,1,0,0,0,1,0,0
20218,34,4,2,1,0,1,0,0,0,1
27239,57,7,0,0,1,0,0,0,0,0
38803,41,1,2,0,0,1,0,0,1,0
6108,19,4,0,0,1,0,0,0,0,0
49863,55,5,0,0,0,1,0,0,0,1
5920,66,6,0,1,0,0,1,0,0,1
0,17,2,0,0,1,0,0,0,1,0
23731,22,1,0,0,0,1,0,0,0,0
62234,30,0,3,1,0,1,0,0,1,0
52903,40,0,0,1,0,0,1,0,0,1
55888,35,5,2,1,0,0,1,0,0,1
2620,22,1,0,0,1,0,0,0,1,0
12158,35,5,3,1,0,0,0,0,0,0
83366,46,6,0,1,1,0,0,0,1,0
24368,33,3,3,1,0,1,0,0,1,0
0,15,0,0,0,1,0,0,0,1,0
24115,48,8,1,1,0,1,0,0,0,1
32581,33,3,2,1,0,1,0,0,0,0
0,13,5,0,1,1,0,0,0,0,0
0,17,2,0,0,1,0,0,1,0,0
54713,55,5,1,1,0,1,0,0,0,0
36614,38,5,1,0,0,0,0,0,0,1
46461,52,2,1,0,0,1,0,0,0,1
15139,63,3,0,0,0,1,0,0,0,1
2466,62,2,0,0,1,0,0,1,0,0
16319,50,0,1,1,0,1,0,0,0,1
24744,30,0,0,1,1,0,0,0,0,0
18920,51,1,0,1,1,0,0,1,0,0
2314,88,8,0,1,0,1,0,0,0,1
43829,43,3,0,1,1,0,0,0,0,1
9802,66,6,0,1,0,0,1,1,0,0
0,17,2,0,1,1,0,0,0,1,0
4431,62,2,0,0,0,0,1,0,1,0
29521,48,4,0,1,1,0,0,0,1,0
36605,40,0,1,1,0,0,0,0,0,1
13269,50,0,1,0,0,1,0,0,1,0
15864,66,6,0,1,1,0,0,0,0,0
2289,34,4,0,1,0,1,0,0,0,1
0,15,0,0,1,1,0,0,0,0,0
14795,36,6,1,1,0,0,0,0,0,0
26387,56,6,1,0,0,1,0,0,1,0
61300,50,0,2,0,0,1,0,0,0,0
15100,37,7,0,1,0,1,0,0,0,1
17875,18,3,0,1,1,0,0,0,0,0
